[
  {
    "overallPoint": 91,
    "desiredReward": "ut Lorem"
  },
  {
    "overallPoint": 99,
    "desiredReward": "ut laborum"
  },
  {
    "overallPoint": 99,
    "desiredReward": "labore mollit"
  },
  {
    "overallPoint": 90,
    "desiredReward": "amet excepteur"
  },
  {
    "overallPoint": 99,
    "desiredReward": "officia aute"
  },
  {
    "overallPoint": 97,
    "desiredReward": "Lorem minim"
  },
  {
    "overallPoint": 98,
    "desiredReward": "enim culpa"
  },
  {
    "overallPoint": 80,
    "desiredReward": "irure tempor"
  },
  {
    "overallPoint": 100,
    "desiredReward": "non ut"
  },
  {
    "overallPoint": 93,
    "desiredReward": "quis qui"
  },
  {
    "overallPoint": 85,
    "desiredReward": "enim aliquip"
  },
  {
    "overallPoint": 90,
    "desiredReward": "et dolore"
  },
  {
    "overallPoint": 84,
    "desiredReward": "anim fugiat"
  },
  {
    "overallPoint": 96,
    "desiredReward": "sint eu"
  },
  {
    "overallPoint": 97,
    "desiredReward": "dolor laborum"
  },
  {
    "overallPoint": 94,
    "desiredReward": "non tempor"
  },
  {
    "overallPoint": 93,
    "desiredReward": "qui deserunt"
  },
  {
    "overallPoint": 80,
    "desiredReward": "consequat in"
  },
  {
    "overallPoint": 90,
    "desiredReward": "ex labore"
  },
  {
    "overallPoint": 96,
    "desiredReward": "velit non"
  },
  {
    "overallPoint": 92,
    "desiredReward": "mollit magna"
  },
  {
    "overallPoint": 99,
    "desiredReward": "sit reprehenderit"
  },
  {
    "overallPoint": 100,
    "desiredReward": "ex adipisicing"
  },
  {
    "overallPoint": 86,
    "desiredReward": "amet commodo"
  },
  {
    "overallPoint": 99,
    "desiredReward": "aute et"
  },
  {
    "overallPoint": 91,
    "desiredReward": "aliqua irure"
  },
  {
    "overallPoint": 90,
    "desiredReward": "enim esse"
  },
  {
    "overallPoint": 87,
    "desiredReward": "eu id"
  },
  {
    "overallPoint": 92,
    "desiredReward": "excepteur qui"
  },
  {
    "overallPoint": 97,
    "desiredReward": "in ea"
  },
  {
    "overallPoint": 100,
    "desiredReward": "ex ex"
  },
  {
    "overallPoint": 93,
    "desiredReward": "eu dolore"
  },
  {
    "overallPoint": 98,
    "desiredReward": "nostrud cupidatat"
  },
  {
    "overallPoint": 86,
    "desiredReward": "commodo ea"
  },
  {
    "overallPoint": 91,
    "desiredReward": "enim sunt"
  },
  {
    "overallPoint": 85,
    "desiredReward": "deserunt laboris"
  },
  {
    "overallPoint": 81,
    "desiredReward": "eu eiusmod"
  },
  {
    "overallPoint": 97,
    "desiredReward": "enim aliquip"
  },
  {
    "overallPoint": 90,
    "desiredReward": "consequat nostrud"
  },
  {
    "overallPoint": 100,
    "desiredReward": "exercitation tempor"
  },
  {
    "overallPoint": 91,
    "desiredReward": "magna proident"
  },
  {
    "overallPoint": 94,
    "desiredReward": "sit esse"
  },
  {
    "overallPoint": 97,
    "desiredReward": "eiusmod qui"
  },
  {
    "overallPoint": 83,
    "desiredReward": "aliquip exercitation"
  },
  {
    "overallPoint": 87,
    "desiredReward": "est dolor"
  },
  {
    "overallPoint": 93,
    "desiredReward": "id in"
  },
  {
    "overallPoint": 84,
    "desiredReward": "dolore ex"
  },
  {
    "overallPoint": 80,
    "desiredReward": "est id"
  },
  {
    "overallPoint": 95,
    "desiredReward": "sunt incididunt"
  },
  {
    "overallPoint": 86,
    "desiredReward": "consequat duis"
  },
  {
    "overallPoint": 99,
    "desiredReward": "do sint"
  },
  {
    "overallPoint": 93,
    "desiredReward": "minim consectetur"
  },
  {
    "overallPoint": 84,
    "desiredReward": "dolore consectetur"
  },
  {
    "overallPoint": 85,
    "desiredReward": "tempor adipisicing"
  },
  {
    "overallPoint": 91,
    "desiredReward": "aliquip adipisicing"
  },
  {
    "overallPoint": 83,
    "desiredReward": "labore fugiat"
  },
  {
    "overallPoint": 89,
    "desiredReward": "aliqua et"
  },
  {
    "overallPoint": 80,
    "desiredReward": "consectetur voluptate"
  },
  {
    "overallPoint": 85,
    "desiredReward": "ipsum esse"
  },
  {
    "overallPoint": 85,
    "desiredReward": "ex id"
  },
  {
    "overallPoint": 91,
    "desiredReward": "qui adipisicing"
  },
  {
    "overallPoint": 96,
    "desiredReward": "nostrud excepteur"
  },
  {
    "overallPoint": 91,
    "desiredReward": "non esse"
  },
  {
    "overallPoint": 92,
    "desiredReward": "occaecat ea"
  },
  {
    "overallPoint": 89,
    "desiredReward": "qui voluptate"
  },
  {
    "overallPoint": 86,
    "desiredReward": "adipisicing aute"
  },
  {
    "overallPoint": 99,
    "desiredReward": "nisi anim"
  },
  {
    "overallPoint": 95,
    "desiredReward": "dolor occaecat"
  },
  {
    "overallPoint": 91,
    "desiredReward": "cupidatat deserunt"
  },
  {
    "overallPoint": 96,
    "desiredReward": "do exercitation"
  },
  {
    "overallPoint": 96,
    "desiredReward": "mollit ullamco"
  },
  {
    "overallPoint": 90,
    "desiredReward": "cillum culpa"
  },
  {
    "overallPoint": 83,
    "desiredReward": "laborum occaecat"
  },
  {
    "overallPoint": 85,
    "desiredReward": "ex aliquip"
  },
  {
    "overallPoint": 84,
    "desiredReward": "exercitation nostrud"
  },
  {
    "overallPoint": 81,
    "desiredReward": "Lorem tempor"
  },
  {
    "overallPoint": 83,
    "desiredReward": "cupidatat dolor"
  },
  {
    "overallPoint": 80,
    "desiredReward": "proident ipsum"
  },
  {
    "overallPoint": 87,
    "desiredReward": "officia est"
  },
  {
    "overallPoint": 88,
    "desiredReward": "id est"
  },
  {
    "overallPoint": 99,
    "desiredReward": "occaecat minim"
  },
  {
    "overallPoint": 90,
    "desiredReward": "duis laboris"
  },
  {
    "overallPoint": 84,
    "desiredReward": "tempor irure"
  },
  {
    "overallPoint": 98,
    "desiredReward": "mollit non"
  },
  {
    "overallPoint": 95,
    "desiredReward": "occaecat adipisicing"
  },
  {
    "overallPoint": 94,
    "desiredReward": "ipsum labore"
  },
  {
    "overallPoint": 87,
    "desiredReward": "exercitation laboris"
  },
  {
    "overallPoint": 81,
    "desiredReward": "cillum est"
  },
  {
    "overallPoint": 87,
    "desiredReward": "minim deserunt"
  },
  {
    "overallPoint": 94,
    "desiredReward": "irure ullamco"
  },
  {
    "overallPoint": 91,
    "desiredReward": "ea ex"
  },
  {
    "overallPoint": 96,
    "desiredReward": "duis consectetur"
  },
  {
    "overallPoint": 96,
    "desiredReward": "nostrud ipsum"
  },
  {
    "overallPoint": 83,
    "desiredReward": "Lorem in"
  },
  {
    "overallPoint": 100,
    "desiredReward": "qui sit"
  },
  {
    "overallPoint": 84,
    "desiredReward": "magna minim"
  },
  {
    "overallPoint": 93,
    "desiredReward": "anim nulla"
  },
  {
    "overallPoint": 83,
    "desiredReward": "in et"
  },
  {
    "overallPoint": 87,
    "desiredReward": "veniam aute"
  },
  {
    "overallPoint": 89,
    "desiredReward": "ea Lorem"
  },
  {
    "overallPoint": 83,
    "desiredReward": "incididunt do"
  },
  {
    "overallPoint": 83,
    "desiredReward": "eu enim"
  },
  {
    "overallPoint": 93,
    "desiredReward": "anim Lorem"
  },
  {
    "overallPoint": 90,
    "desiredReward": "nisi voluptate"
  },
  {
    "overallPoint": 82,
    "desiredReward": "enim dolore"
  },
  {
    "overallPoint": 95,
    "desiredReward": "id esse"
  },
  {
    "overallPoint": 85,
    "desiredReward": "nostrud in"
  },
  {
    "overallPoint": 100,
    "desiredReward": "dolor nisi"
  },
  {
    "overallPoint": 96,
    "desiredReward": "ex minim"
  },
  {
    "overallPoint": 90,
    "desiredReward": "cillum laborum"
  },
  {
    "overallPoint": 88,
    "desiredReward": "enim sint"
  },
  {
    "overallPoint": 99,
    "desiredReward": "non veniam"
  },
  {
    "overallPoint": 93,
    "desiredReward": "nulla officia"
  },
  {
    "overallPoint": 90,
    "desiredReward": "ea cillum"
  },
  {
    "overallPoint": 80,
    "desiredReward": "pariatur excepteur"
  },
  {
    "overallPoint": 98,
    "desiredReward": "laborum irure"
  },
  {
    "overallPoint": 94,
    "desiredReward": "nulla nostrud"
  },
  {
    "overallPoint": 96,
    "desiredReward": "voluptate ut"
  },
  {
    "overallPoint": 99,
    "desiredReward": "consequat adipisicing"
  },
  {
    "overallPoint": 87,
    "desiredReward": "deserunt proident"
  },
  {
    "overallPoint": 97,
    "desiredReward": "est dolor"
  },
  {
    "overallPoint": 92,
    "desiredReward": "qui esse"
  },
  {
    "overallPoint": 100,
    "desiredReward": "nulla ipsum"
  },
  {
    "overallPoint": 99,
    "desiredReward": "aute veniam"
  },
  {
    "overallPoint": 95,
    "desiredReward": "laboris laborum"
  },
  {
    "overallPoint": 88,
    "desiredReward": "aute officia"
  },
  {
    "overallPoint": 97,
    "desiredReward": "qui in"
  },
  {
    "overallPoint": 96,
    "desiredReward": "laborum laborum"
  },
  {
    "overallPoint": 96,
    "desiredReward": "laboris ullamco"
  },
  {
    "overallPoint": 93,
    "desiredReward": "nostrud veniam"
  },
  {
    "overallPoint": 85,
    "desiredReward": "adipisicing anim"
  },
  {
    "overallPoint": 89,
    "desiredReward": "ullamco incididunt"
  },
  {
    "overallPoint": 95,
    "desiredReward": "ea pariatur"
  },
  {
    "overallPoint": 84,
    "desiredReward": "officia ut"
  },
  {
    "overallPoint": 84,
    "desiredReward": "est elit"
  },
  {
    "overallPoint": 83,
    "desiredReward": "irure ad"
  },
  {
    "overallPoint": 89,
    "desiredReward": "irure sunt"
  },
  {
    "overallPoint": 81,
    "desiredReward": "laboris cupidatat"
  },
  {
    "overallPoint": 81,
    "desiredReward": "tempor adipisicing"
  },
  {
    "overallPoint": 88,
    "desiredReward": "ullamco laboris"
  },
  {
    "overallPoint": 95,
    "desiredReward": "eu nisi"
  },
  {
    "overallPoint": 100,
    "desiredReward": "est proident"
  },
  {
    "overallPoint": 99,
    "desiredReward": "voluptate non"
  },
  {
    "overallPoint": 96,
    "desiredReward": "id reprehenderit"
  },
  {
    "overallPoint": 82,
    "desiredReward": "incididunt sit"
  },
  {
    "overallPoint": 94,
    "desiredReward": "ad sit"
  },
  {
    "overallPoint": 93,
    "desiredReward": "sunt laboris"
  },
  {
    "overallPoint": 83,
    "desiredReward": "culpa officia"
  },
  {
    "overallPoint": 83,
    "desiredReward": "ad fugiat"
  },
  {
    "overallPoint": 98,
    "desiredReward": "ut proident"
  },
  {
    "overallPoint": 83,
    "desiredReward": "qui ut"
  },
  {
    "overallPoint": 91,
    "desiredReward": "anim culpa"
  },
  {
    "overallPoint": 93,
    "desiredReward": "nisi consectetur"
  },
  {
    "overallPoint": 99,
    "desiredReward": "officia proident"
  },
  {
    "overallPoint": 93,
    "desiredReward": "laborum exercitation"
  },
  {
    "overallPoint": 85,
    "desiredReward": "ipsum aliqua"
  },
  {
    "overallPoint": 88,
    "desiredReward": "incididunt quis"
  },
  {
    "overallPoint": 90,
    "desiredReward": "anim consectetur"
  },
  {
    "overallPoint": 80,
    "desiredReward": "non excepteur"
  },
  {
    "overallPoint": 99,
    "desiredReward": "aliquip fugiat"
  },
  {
    "overallPoint": 97,
    "desiredReward": "do amet"
  },
  {
    "overallPoint": 84,
    "desiredReward": "tempor labore"
  },
  {
    "overallPoint": 97,
    "desiredReward": "officia nisi"
  },
  {
    "overallPoint": 97,
    "desiredReward": "incididunt do"
  },
  {
    "overallPoint": 90,
    "desiredReward": "magna elit"
  },
  {
    "overallPoint": 95,
    "desiredReward": "aliquip esse"
  },
  {
    "overallPoint": 85,
    "desiredReward": "ea pariatur"
  },
  {
    "overallPoint": 92,
    "desiredReward": "esse aliquip"
  },
  {
    "overallPoint": 89,
    "desiredReward": "aute proident"
  },
  {
    "overallPoint": 92,
    "desiredReward": "incididunt adipisicing"
  },
  {
    "overallPoint": 98,
    "desiredReward": "ad esse"
  },
  {
    "overallPoint": 90,
    "desiredReward": "et minim"
  },
  {
    "overallPoint": 92,
    "desiredReward": "commodo occaecat"
  },
  {
    "overallPoint": 88,
    "desiredReward": "aliquip culpa"
  },
  {
    "overallPoint": 92,
    "desiredReward": "laboris laboris"
  },
  {
    "overallPoint": 90,
    "desiredReward": "id proident"
  },
  {
    "overallPoint": 91,
    "desiredReward": "quis est"
  },
  {
    "overallPoint": 90,
    "desiredReward": "id qui"
  },
  {
    "overallPoint": 91,
    "desiredReward": "proident ex"
  },
  {
    "overallPoint": 91,
    "desiredReward": "cillum reprehenderit"
  },
  {
    "overallPoint": 91,
    "desiredReward": "esse quis"
  },
  {
    "overallPoint": 99,
    "desiredReward": "consectetur commodo"
  },
  {
    "overallPoint": 91,
    "desiredReward": "sit officia"
  },
  {
    "overallPoint": 88,
    "desiredReward": "ex reprehenderit"
  },
  {
    "overallPoint": 82,
    "desiredReward": "Lorem laboris"
  },
  {
    "overallPoint": 86,
    "desiredReward": "consectetur minim"
  },
  {
    "overallPoint": 100,
    "desiredReward": "aute mollit"
  },
  {
    "overallPoint": 96,
    "desiredReward": "culpa officia"
  },
  {
    "overallPoint": 94,
    "desiredReward": "eiusmod nostrud"
  },
  {
    "overallPoint": 93,
    "desiredReward": "dolore tempor"
  },
  {
    "overallPoint": 92,
    "desiredReward": "cupidatat qui"
  },
  {
    "overallPoint": 95,
    "desiredReward": "laboris est"
  },
  {
    "overallPoint": 91,
    "desiredReward": "cupidatat incididunt"
  },
  {
    "overallPoint": 82,
    "desiredReward": "fugiat minim"
  },
  {
    "overallPoint": 86,
    "desiredReward": "sunt cillum"
  },
  {
    "overallPoint": 84,
    "desiredReward": "fugiat irure"
  },
  {
    "overallPoint": 87,
    "desiredReward": "officia duis"
  },
  {
    "overallPoint": 83,
    "desiredReward": "ea laborum"
  },
  {
    "overallPoint": 95,
    "desiredReward": "velit consectetur"
  },
  {
    "overallPoint": 81,
    "desiredReward": "incididunt culpa"
  },
  {
    "overallPoint": 84,
    "desiredReward": "in excepteur"
  },
  {
    "overallPoint": 90,
    "desiredReward": "in eu"
  },
  {
    "overallPoint": 98,
    "desiredReward": "enim occaecat"
  },
  {
    "overallPoint": 84,
    "desiredReward": "minim deserunt"
  },
  {
    "overallPoint": 84,
    "desiredReward": "voluptate qui"
  },
  {
    "overallPoint": 88,
    "desiredReward": "ullamco culpa"
  },
  {
    "overallPoint": 100,
    "desiredReward": "anim ipsum"
  },
  {
    "overallPoint": 90,
    "desiredReward": "non enim"
  },
  {
    "overallPoint": 94,
    "desiredReward": "ipsum magna"
  },
  {
    "overallPoint": 86,
    "desiredReward": "proident aliquip"
  },
  {
    "overallPoint": 93,
    "desiredReward": "occaecat est"
  },
  {
    "overallPoint": 98,
    "desiredReward": "et et"
  },
  {
    "overallPoint": 84,
    "desiredReward": "id duis"
  },
  {
    "overallPoint": 90,
    "desiredReward": "ipsum quis"
  },
  {
    "overallPoint": 83,
    "desiredReward": "irure adipisicing"
  },
  {
    "overallPoint": 95,
    "desiredReward": "ex incididunt"
  },
  {
    "overallPoint": 95,
    "desiredReward": "ea anim"
  },
  {
    "overallPoint": 90,
    "desiredReward": "eu adipisicing"
  },
  {
    "overallPoint": 86,
    "desiredReward": "adipisicing dolore"
  },
  {
    "overallPoint": 94,
    "desiredReward": "pariatur nulla"
  },
  {
    "overallPoint": 81,
    "desiredReward": "anim irure"
  },
  {
    "overallPoint": 94,
    "desiredReward": "dolor quis"
  },
  {
    "overallPoint": 83,
    "desiredReward": "et ex"
  },
  {
    "overallPoint": 86,
    "desiredReward": "nisi consequat"
  },
  {
    "overallPoint": 88,
    "desiredReward": "enim enim"
  },
  {
    "overallPoint": 99,
    "desiredReward": "tempor et"
  },
  {
    "overallPoint": 90,
    "desiredReward": "aute proident"
  },
  {
    "overallPoint": 82,
    "desiredReward": "ex magna"
  },
  {
    "overallPoint": 82,
    "desiredReward": "ex non"
  },
  {
    "overallPoint": 99,
    "desiredReward": "aliquip amet"
  },
  {
    "overallPoint": 84,
    "desiredReward": "duis tempor"
  },
  {
    "overallPoint": 100,
    "desiredReward": "Lorem minim"
  },
  {
    "overallPoint": 92,
    "desiredReward": "et esse"
  },
  {
    "overallPoint": 94,
    "desiredReward": "laboris ea"
  },
  {
    "overallPoint": 82,
    "desiredReward": "consequat labore"
  },
  {
    "overallPoint": 94,
    "desiredReward": "aliquip elit"
  },
  {
    "overallPoint": 81,
    "desiredReward": "tempor non"
  },
  {
    "overallPoint": 81,
    "desiredReward": "irure exercitation"
  },
  {
    "overallPoint": 84,
    "desiredReward": "qui eu"
  },
  {
    "overallPoint": 96,
    "desiredReward": "officia ex"
  },
  {
    "overallPoint": 98,
    "desiredReward": "esse laboris"
  },
  {
    "overallPoint": 88,
    "desiredReward": "ex exercitation"
  },
  {
    "overallPoint": 85,
    "desiredReward": "voluptate id"
  },
  {
    "overallPoint": 87,
    "desiredReward": "nulla sunt"
  },
  {
    "overallPoint": 97,
    "desiredReward": "nisi duis"
  },
  {
    "overallPoint": 90,
    "desiredReward": "amet aute"
  },
  {
    "overallPoint": 95,
    "desiredReward": "aute reprehenderit"
  },
  {
    "overallPoint": 97,
    "desiredReward": "quis occaecat"
  },
  {
    "overallPoint": 86,
    "desiredReward": "cillum non"
  },
  {
    "overallPoint": 98,
    "desiredReward": "quis elit"
  },
  {
    "overallPoint": 94,
    "desiredReward": "cillum occaecat"
  },
  {
    "overallPoint": 83,
    "desiredReward": "ea officia"
  },
  {
    "overallPoint": 89,
    "desiredReward": "labore mollit"
  },
  {
    "overallPoint": 90,
    "desiredReward": "dolore et"
  },
  {
    "overallPoint": 97,
    "desiredReward": "consectetur fugiat"
  },
  {
    "overallPoint": 93,
    "desiredReward": "sint nostrud"
  },
  {
    "overallPoint": 88,
    "desiredReward": "pariatur commodo"
  },
  {
    "overallPoint": 89,
    "desiredReward": "sint enim"
  },
  {
    "overallPoint": 81,
    "desiredReward": "quis aute"
  },
  {
    "overallPoint": 94,
    "desiredReward": "sit irure"
  },
  {
    "overallPoint": 85,
    "desiredReward": "do ea"
  },
  {
    "overallPoint": 100,
    "desiredReward": "fugiat veniam"
  },
  {
    "overallPoint": 89,
    "desiredReward": "est sit"
  },
  {
    "overallPoint": 83,
    "desiredReward": "magna cillum"
  },
  {
    "overallPoint": 87,
    "desiredReward": "dolore nostrud"
  },
  {
    "overallPoint": 87,
    "desiredReward": "esse aliqua"
  },
  {
    "overallPoint": 81,
    "desiredReward": "ut anim"
  },
  {
    "overallPoint": 84,
    "desiredReward": "Lorem minim"
  },
  {
    "overallPoint": 99,
    "desiredReward": "eu laboris"
  },
  {
    "overallPoint": 98,
    "desiredReward": "eiusmod aute"
  },
  {
    "overallPoint": 95,
    "desiredReward": "reprehenderit tempor"
  },
  {
    "overallPoint": 94,
    "desiredReward": "eiusmod cupidatat"
  },
  {
    "overallPoint": 85,
    "desiredReward": "Lorem magna"
  },
  {
    "overallPoint": 83,
    "desiredReward": "minim excepteur"
  },
  {
    "overallPoint": 94,
    "desiredReward": "aliqua fugiat"
  },
  {
    "overallPoint": 88,
    "desiredReward": "eiusmod Lorem"
  },
  {
    "overallPoint": 83,
    "desiredReward": "veniam quis"
  },
  {
    "overallPoint": 86,
    "desiredReward": "aliqua irure"
  },
  {
    "overallPoint": 84,
    "desiredReward": "dolore pariatur"
  },
  {
    "overallPoint": 100,
    "desiredReward": "nostrud ut"
  },
  {
    "overallPoint": 100,
    "desiredReward": "mollit duis"
  },
  {
    "overallPoint": 84,
    "desiredReward": "eu sit"
  },
  {
    "overallPoint": 85,
    "desiredReward": "proident adipisicing"
  },
  {
    "overallPoint": 97,
    "desiredReward": "consequat incididunt"
  },
  {
    "overallPoint": 99,
    "desiredReward": "non non"
  },
  {
    "overallPoint": 83,
    "desiredReward": "ullamco enim"
  },
  {
    "overallPoint": 88,
    "desiredReward": "dolore et"
  },
  {
    "overallPoint": 85,
    "desiredReward": "do adipisicing"
  },
  {
    "overallPoint": 85,
    "desiredReward": "magna voluptate"
  },
  {
    "overallPoint": 96,
    "desiredReward": "non amet"
  },
  {
    "overallPoint": 97,
    "desiredReward": "est minim"
  },
  {
    "overallPoint": 80,
    "desiredReward": "veniam eu"
  },
  {
    "overallPoint": 82,
    "desiredReward": "eiusmod laborum"
  },
  {
    "overallPoint": 87,
    "desiredReward": "tempor ad"
  },
  {
    "overallPoint": 80,
    "desiredReward": "ad id"
  },
  {
    "overallPoint": 84,
    "desiredReward": "ad incididunt"
  },
  {
    "overallPoint": 97,
    "desiredReward": "duis nulla"
  },
  {
    "overallPoint": 95,
    "desiredReward": "incididunt anim"
  },
  {
    "overallPoint": 95,
    "desiredReward": "enim est"
  },
  {
    "overallPoint": 91,
    "desiredReward": "aliquip magna"
  },
  {
    "overallPoint": 95,
    "desiredReward": "sint cupidatat"
  },
  {
    "overallPoint": 83,
    "desiredReward": "dolore nulla"
  },
  {
    "overallPoint": 80,
    "desiredReward": "fugiat nostrud"
  },
  {
    "overallPoint": 84,
    "desiredReward": "excepteur laboris"
  },
  {
    "overallPoint": 80,
    "desiredReward": "id eiusmod"
  },
  {
    "overallPoint": 85,
    "desiredReward": "aliquip laborum"
  },
  {
    "overallPoint": 81,
    "desiredReward": "nulla quis"
  },
  {
    "overallPoint": 89,
    "desiredReward": "minim cupidatat"
  },
  {
    "overallPoint": 91,
    "desiredReward": "pariatur esse"
  },
  {
    "overallPoint": 92,
    "desiredReward": "aliquip labore"
  },
  {
    "overallPoint": 84,
    "desiredReward": "consectetur voluptate"
  },
  {
    "overallPoint": 99,
    "desiredReward": "non aliquip"
  },
  {
    "overallPoint": 95,
    "desiredReward": "officia duis"
  },
  {
    "overallPoint": 89,
    "desiredReward": "ipsum laboris"
  },
  {
    "overallPoint": 96,
    "desiredReward": "reprehenderit ad"
  },
  {
    "overallPoint": 81,
    "desiredReward": "dolore sunt"
  },
  {
    "overallPoint": 93,
    "desiredReward": "laboris adipisicing"
  },
  {
    "overallPoint": 82,
    "desiredReward": "nostrud amet"
  },
  {
    "overallPoint": 93,
    "desiredReward": "enim est"
  },
  {
    "overallPoint": 95,
    "desiredReward": "irure non"
  },
  {
    "overallPoint": 92,
    "desiredReward": "ullamco enim"
  },
  {
    "overallPoint": 90,
    "desiredReward": "officia Lorem"
  },
  {
    "overallPoint": 98,
    "desiredReward": "veniam laborum"
  },
  {
    "overallPoint": 81,
    "desiredReward": "cupidatat esse"
  },
  {
    "overallPoint": 100,
    "desiredReward": "occaecat anim"
  },
  {
    "overallPoint": 87,
    "desiredReward": "officia officia"
  },
  {
    "overallPoint": 96,
    "desiredReward": "cupidatat aliqua"
  },
  {
    "overallPoint": 98,
    "desiredReward": "culpa fugiat"
  },
  {
    "overallPoint": 86,
    "desiredReward": "anim laborum"
  },
  {
    "overallPoint": 100,
    "desiredReward": "anim laborum"
  },
  {
    "overallPoint": 91,
    "desiredReward": "do commodo"
  },
  {
    "overallPoint": 89,
    "desiredReward": "in laboris"
  },
  {
    "overallPoint": 94,
    "desiredReward": "pariatur tempor"
  },
  {
    "overallPoint": 85,
    "desiredReward": "dolor anim"
  },
  {
    "overallPoint": 99,
    "desiredReward": "ea aliquip"
  },
  {
    "overallPoint": 94,
    "desiredReward": "magna quis"
  },
  {
    "overallPoint": 80,
    "desiredReward": "do voluptate"
  },
  {
    "overallPoint": 83,
    "desiredReward": "deserunt incididunt"
  },
  {
    "overallPoint": 92,
    "desiredReward": "anim duis"
  },
  {
    "overallPoint": 91,
    "desiredReward": "irure nulla"
  },
  {
    "overallPoint": 87,
    "desiredReward": "sunt aliqua"
  },
  {
    "overallPoint": 82,
    "desiredReward": "ea Lorem"
  },
  {
    "overallPoint": 90,
    "desiredReward": "eiusmod irure"
  },
  {
    "overallPoint": 96,
    "desiredReward": "ut est"
  },
  {
    "overallPoint": 87,
    "desiredReward": "nostrud mollit"
  },
  {
    "overallPoint": 100,
    "desiredReward": "Lorem non"
  },
  {
    "overallPoint": 87,
    "desiredReward": "aliqua irure"
  },
  {
    "overallPoint": 96,
    "desiredReward": "dolore eiusmod"
  },
  {
    "overallPoint": 89,
    "desiredReward": "ex proident"
  },
  {
    "overallPoint": 81,
    "desiredReward": "eu tempor"
  },
  {
    "overallPoint": 80,
    "desiredReward": "aute amet"
  },
  {
    "overallPoint": 95,
    "desiredReward": "fugiat laboris"
  },
  {
    "overallPoint": 84,
    "desiredReward": "adipisicing laboris"
  },
  {
    "overallPoint": 88,
    "desiredReward": "pariatur non"
  },
  {
    "overallPoint": 80,
    "desiredReward": "enim laborum"
  },
  {
    "overallPoint": 87,
    "desiredReward": "sit laborum"
  },
  {
    "overallPoint": 100,
    "desiredReward": "qui eiusmod"
  },
  {
    "overallPoint": 81,
    "desiredReward": "ullamco sunt"
  },
  {
    "overallPoint": 89,
    "desiredReward": "consequat id"
  },
  {
    "overallPoint": 83,
    "desiredReward": "minim qui"
  },
  {
    "overallPoint": 98,
    "desiredReward": "nisi pariatur"
  },
  {
    "overallPoint": 88,
    "desiredReward": "qui tempor"
  },
  {
    "overallPoint": 98,
    "desiredReward": "ipsum anim"
  },
  {
    "overallPoint": 87,
    "desiredReward": "est minim"
  },
  {
    "overallPoint": 86,
    "desiredReward": "magna non"
  },
  {
    "overallPoint": 91,
    "desiredReward": "sunt veniam"
  },
  {
    "overallPoint": 91,
    "desiredReward": "sint quis"
  },
  {
    "overallPoint": 94,
    "desiredReward": "aliqua aliqua"
  },
  {
    "overallPoint": 85,
    "desiredReward": "adipisicing et"
  },
  {
    "overallPoint": 88,
    "desiredReward": "aute exercitation"
  },
  {
    "overallPoint": 83,
    "desiredReward": "enim nulla"
  },
  {
    "overallPoint": 99,
    "desiredReward": "et duis"
  },
  {
    "overallPoint": 100,
    "desiredReward": "anim deserunt"
  },
  {
    "overallPoint": 98,
    "desiredReward": "Lorem sunt"
  },
  {
    "overallPoint": 80,
    "desiredReward": "ut anim"
  },
  {
    "overallPoint": 86,
    "desiredReward": "qui dolor"
  },
  {
    "overallPoint": 84,
    "desiredReward": "voluptate dolore"
  },
  {
    "overallPoint": 99,
    "desiredReward": "cupidatat ut"
  },
  {
    "overallPoint": 83,
    "desiredReward": "deserunt eu"
  },
  {
    "overallPoint": 81,
    "desiredReward": "pariatur ipsum"
  },
  {
    "overallPoint": 83,
    "desiredReward": "et proident"
  },
  {
    "overallPoint": 89,
    "desiredReward": "elit reprehenderit"
  },
  {
    "overallPoint": 85,
    "desiredReward": "anim in"
  },
  {
    "overallPoint": 86,
    "desiredReward": "consectetur incididunt"
  },
  {
    "overallPoint": 93,
    "desiredReward": "tempor mollit"
  },
  {
    "overallPoint": 85,
    "desiredReward": "veniam deserunt"
  },
  {
    "overallPoint": 82,
    "desiredReward": "nulla commodo"
  },
  {
    "overallPoint": 83,
    "desiredReward": "Lorem aliquip"
  },
  {
    "overallPoint": 94,
    "desiredReward": "do sint"
  },
  {
    "overallPoint": 81,
    "desiredReward": "commodo laboris"
  },
  {
    "overallPoint": 97,
    "desiredReward": "eu magna"
  },
  {
    "overallPoint": 86,
    "desiredReward": "cillum sunt"
  },
  {
    "overallPoint": 96,
    "desiredReward": "amet exercitation"
  },
  {
    "overallPoint": 92,
    "desiredReward": "veniam amet"
  },
  {
    "overallPoint": 87,
    "desiredReward": "officia excepteur"
  },
  {
    "overallPoint": 96,
    "desiredReward": "minim ad"
  },
  {
    "overallPoint": 92,
    "desiredReward": "et duis"
  },
  {
    "overallPoint": 99,
    "desiredReward": "officia sint"
  },
  {
    "overallPoint": 97,
    "desiredReward": "tempor dolore"
  },
  {
    "overallPoint": 82,
    "desiredReward": "do mollit"
  },
  {
    "overallPoint": 100,
    "desiredReward": "ex sint"
  },
  {
    "overallPoint": 93,
    "desiredReward": "incididunt incididunt"
  },
  {
    "overallPoint": 97,
    "desiredReward": "do labore"
  },
  {
    "overallPoint": 93,
    "desiredReward": "consectetur do"
  },
  {
    "overallPoint": 91,
    "desiredReward": "laboris reprehenderit"
  },
  {
    "overallPoint": 99,
    "desiredReward": "magna elit"
  },
  {
    "overallPoint": 95,
    "desiredReward": "est quis"
  },
  {
    "overallPoint": 89,
    "desiredReward": "sint laboris"
  },
  {
    "overallPoint": 87,
    "desiredReward": "deserunt deserunt"
  },
  {
    "overallPoint": 80,
    "desiredReward": "dolore aute"
  },
  {
    "overallPoint": 90,
    "desiredReward": "id in"
  },
  {
    "overallPoint": 85,
    "desiredReward": "minim commodo"
  },
  {
    "overallPoint": 88,
    "desiredReward": "cupidatat irure"
  },
  {
    "overallPoint": 86,
    "desiredReward": "adipisicing consequat"
  },
  {
    "overallPoint": 85,
    "desiredReward": "nostrud anim"
  },
  {
    "overallPoint": 81,
    "desiredReward": "laborum dolore"
  },
  {
    "overallPoint": 85,
    "desiredReward": "voluptate aliqua"
  },
  {
    "overallPoint": 90,
    "desiredReward": "esse duis"
  },
  {
    "overallPoint": 89,
    "desiredReward": "irure dolor"
  },
  {
    "overallPoint": 100,
    "desiredReward": "occaecat nisi"
  },
  {
    "overallPoint": 98,
    "desiredReward": "esse labore"
  },
  {
    "overallPoint": 84,
    "desiredReward": "ex deserunt"
  },
  {
    "overallPoint": 94,
    "desiredReward": "qui do"
  },
  {
    "overallPoint": 85,
    "desiredReward": "magna irure"
  },
  {
    "overallPoint": 83,
    "desiredReward": "occaecat laboris"
  },
  {
    "overallPoint": 95,
    "desiredReward": "nisi amet"
  },
  {
    "overallPoint": 92,
    "desiredReward": "consectetur id"
  },
  {
    "overallPoint": 86,
    "desiredReward": "esse culpa"
  },
  {
    "overallPoint": 83,
    "desiredReward": "dolor anim"
  },
  {
    "overallPoint": 100,
    "desiredReward": "commodo labore"
  },
  {
    "overallPoint": 94,
    "desiredReward": "irure ex"
  },
  {
    "overallPoint": 89,
    "desiredReward": "voluptate eu"
  },
  {
    "overallPoint": 82,
    "desiredReward": "esse fugiat"
  },
  {
    "overallPoint": 80,
    "desiredReward": "cillum Lorem"
  },
  {
    "overallPoint": 92,
    "desiredReward": "occaecat et"
  },
  {
    "overallPoint": 90,
    "desiredReward": "elit ad"
  },
  {
    "overallPoint": 85,
    "desiredReward": "officia incididunt"
  },
  {
    "overallPoint": 82,
    "desiredReward": "ut ipsum"
  },
  {
    "overallPoint": 90,
    "desiredReward": "adipisicing eiusmod"
  },
  {
    "overallPoint": 100,
    "desiredReward": "ad adipisicing"
  },
  {
    "overallPoint": 96,
    "desiredReward": "occaecat nulla"
  },
  {
    "overallPoint": 91,
    "desiredReward": "magna ipsum"
  },
  {
    "overallPoint": 83,
    "desiredReward": "id laborum"
  },
  {
    "overallPoint": 91,
    "desiredReward": "irure exercitation"
  },
  {
    "overallPoint": 91,
    "desiredReward": "nostrud ullamco"
  },
  {
    "overallPoint": 100,
    "desiredReward": "proident nulla"
  },
  {
    "overallPoint": 94,
    "desiredReward": "proident dolore"
  },
  {
    "overallPoint": 100,
    "desiredReward": "eu amet"
  },
  {
    "overallPoint": 90,
    "desiredReward": "eu et"
  },
  {
    "overallPoint": 95,
    "desiredReward": "laboris consequat"
  },
  {
    "overallPoint": 98,
    "desiredReward": "anim sint"
  },
  {
    "overallPoint": 87,
    "desiredReward": "esse fugiat"
  },
  {
    "overallPoint": 82,
    "desiredReward": "tempor amet"
  },
  {
    "overallPoint": 97,
    "desiredReward": "tempor in"
  },
  {
    "overallPoint": 87,
    "desiredReward": "ad culpa"
  },
  {
    "overallPoint": 92,
    "desiredReward": "qui voluptate"
  },
  {
    "overallPoint": 93,
    "desiredReward": "do tempor"
  },
  {
    "overallPoint": 97,
    "desiredReward": "cillum dolor"
  },
  {
    "overallPoint": 94,
    "desiredReward": "mollit esse"
  },
  {
    "overallPoint": 95,
    "desiredReward": "nulla fugiat"
  },
  {
    "overallPoint": 89,
    "desiredReward": "aliqua ad"
  },
  {
    "overallPoint": 90,
    "desiredReward": "minim laboris"
  },
  {
    "overallPoint": 98,
    "desiredReward": "duis occaecat"
  },
  {
    "overallPoint": 84,
    "desiredReward": "excepteur velit"
  },
  {
    "overallPoint": 90,
    "desiredReward": "commodo non"
  },
  {
    "overallPoint": 93,
    "desiredReward": "duis do"
  },
  {
    "overallPoint": 86,
    "desiredReward": "ipsum cillum"
  },
  {
    "overallPoint": 92,
    "desiredReward": "exercitation anim"
  },
  {
    "overallPoint": 87,
    "desiredReward": "do esse"
  },
  {
    "overallPoint": 85,
    "desiredReward": "anim ea"
  },
  {
    "overallPoint": 80,
    "desiredReward": "duis dolor"
  },
  {
    "overallPoint": 98,
    "desiredReward": "excepteur veniam"
  },
  {
    "overallPoint": 81,
    "desiredReward": "incididunt est"
  },
  {
    "overallPoint": 80,
    "desiredReward": "eiusmod anim"
  },
  {
    "overallPoint": 82,
    "desiredReward": "aute anim"
  },
  {
    "overallPoint": 100,
    "desiredReward": "voluptate nulla"
  },
  {
    "overallPoint": 92,
    "desiredReward": "Lorem incididunt"
  },
  {
    "overallPoint": 96,
    "desiredReward": "ipsum occaecat"
  },
  {
    "overallPoint": 98,
    "desiredReward": "quis eu"
  },
  {
    "overallPoint": 88,
    "desiredReward": "cillum aliqua"
  },
  {
    "overallPoint": 94,
    "desiredReward": "veniam laborum"
  },
  {
    "overallPoint": 86,
    "desiredReward": "ex mollit"
  },
  {
    "overallPoint": 95,
    "desiredReward": "sunt ex"
  },
  {
    "overallPoint": 80,
    "desiredReward": "esse aliqua"
  },
  {
    "overallPoint": 90,
    "desiredReward": "est veniam"
  },
  {
    "overallPoint": 90,
    "desiredReward": "reprehenderit duis"
  },
  {
    "overallPoint": 82,
    "desiredReward": "aliquip cupidatat"
  },
  {
    "overallPoint": 93,
    "desiredReward": "magna cupidatat"
  },
  {
    "overallPoint": 93,
    "desiredReward": "do fugiat"
  },
  {
    "overallPoint": 89,
    "desiredReward": "aliqua ad"
  },
  {
    "overallPoint": 92,
    "desiredReward": "magna excepteur"
  },
  {
    "overallPoint": 82,
    "desiredReward": "qui ullamco"
  },
  {
    "overallPoint": 89,
    "desiredReward": "ut qui"
  },
  {
    "overallPoint": 88,
    "desiredReward": "nostrud nisi"
  },
  {
    "overallPoint": 90,
    "desiredReward": "elit veniam"
  },
  {
    "overallPoint": 99,
    "desiredReward": "ipsum do"
  },
  {
    "overallPoint": 93,
    "desiredReward": "velit occaecat"
  },
  {
    "overallPoint": 96,
    "desiredReward": "nostrud esse"
  },
  {
    "overallPoint": 96,
    "desiredReward": "velit aliquip"
  },
  {
    "overallPoint": 84,
    "desiredReward": "ut qui"
  },
  {
    "overallPoint": 90,
    "desiredReward": "reprehenderit reprehenderit"
  },
  {
    "overallPoint": 80,
    "desiredReward": "cillum irure"
  },
  {
    "overallPoint": 89,
    "desiredReward": "enim eu"
  },
  {
    "overallPoint": 94,
    "desiredReward": "velit eu"
  },
  {
    "overallPoint": 98,
    "desiredReward": "excepteur cillum"
  },
  {
    "overallPoint": 95,
    "desiredReward": "sit cupidatat"
  },
  {
    "overallPoint": 85,
    "desiredReward": "ullamco occaecat"
  },
  {
    "overallPoint": 90,
    "desiredReward": "sint aliqua"
  },
  {
    "overallPoint": 87,
    "desiredReward": "nulla pariatur"
  },
  {
    "overallPoint": 82,
    "desiredReward": "esse magna"
  },
  {
    "overallPoint": 85,
    "desiredReward": "incididunt elit"
  },
  {
    "overallPoint": 91,
    "desiredReward": "anim minim"
  },
  {
    "overallPoint": 86,
    "desiredReward": "adipisicing quis"
  },
  {
    "overallPoint": 99,
    "desiredReward": "proident velit"
  },
  {
    "overallPoint": 91,
    "desiredReward": "elit consectetur"
  },
  {
    "overallPoint": 95,
    "desiredReward": "occaecat incididunt"
  },
  {
    "overallPoint": 98,
    "desiredReward": "adipisicing mollit"
  },
  {
    "overallPoint": 96,
    "desiredReward": "labore et"
  },
  {
    "overallPoint": 95,
    "desiredReward": "nisi duis"
  },
  {
    "overallPoint": 93,
    "desiredReward": "eu do"
  },
  {
    "overallPoint": 83,
    "desiredReward": "ullamco dolor"
  },
  {
    "overallPoint": 94,
    "desiredReward": "id Lorem"
  },
  {
    "overallPoint": 94,
    "desiredReward": "laboris minim"
  },
  {
    "overallPoint": 96,
    "desiredReward": "aliquip ex"
  },
  {
    "overallPoint": 90,
    "desiredReward": "ex id"
  },
  {
    "overallPoint": 82,
    "desiredReward": "dolor deserunt"
  },
  {
    "overallPoint": 84,
    "desiredReward": "laborum velit"
  },
  {
    "overallPoint": 100,
    "desiredReward": "duis tempor"
  },
  {
    "overallPoint": 100,
    "desiredReward": "duis sint"
  },
  {
    "overallPoint": 89,
    "desiredReward": "est ea"
  },
  {
    "overallPoint": 89,
    "desiredReward": "reprehenderit quis"
  },
  {
    "overallPoint": 81,
    "desiredReward": "nisi id"
  },
  {
    "overallPoint": 86,
    "desiredReward": "voluptate quis"
  },
  {
    "overallPoint": 95,
    "desiredReward": "amet duis"
  },
  {
    "overallPoint": 95,
    "desiredReward": "officia excepteur"
  },
  {
    "overallPoint": 98,
    "desiredReward": "excepteur nostrud"
  },
  {
    "overallPoint": 89,
    "desiredReward": "non deserunt"
  },
  {
    "overallPoint": 100,
    "desiredReward": "ea nisi"
  },
  {
    "overallPoint": 85,
    "desiredReward": "ullamco exercitation"
  },
  {
    "overallPoint": 80,
    "desiredReward": "excepteur aute"
  },
  {
    "overallPoint": 99,
    "desiredReward": "nulla ipsum"
  },
  {
    "overallPoint": 85,
    "desiredReward": "eiusmod dolor"
  },
  {
    "overallPoint": 90,
    "desiredReward": "reprehenderit ad"
  },
  {
    "overallPoint": 90,
    "desiredReward": "id ex"
  },
  {
    "overallPoint": 97,
    "desiredReward": "duis exercitation"
  },
  {
    "overallPoint": 95,
    "desiredReward": "cupidatat et"
  },
  {
    "overallPoint": 92,
    "desiredReward": "nisi quis"
  },
  {
    "overallPoint": 82,
    "desiredReward": "enim est"
  },
  {
    "overallPoint": 97,
    "desiredReward": "exercitation aute"
  },
  {
    "overallPoint": 92,
    "desiredReward": "deserunt enim"
  },
  {
    "overallPoint": 89,
    "desiredReward": "nostrud voluptate"
  },
  {
    "overallPoint": 89,
    "desiredReward": "non culpa"
  },
  {
    "overallPoint": 88,
    "desiredReward": "occaecat dolor"
  },
  {
    "overallPoint": 99,
    "desiredReward": "aliquip do"
  },
  {
    "overallPoint": 89,
    "desiredReward": "nostrud non"
  },
  {
    "overallPoint": 99,
    "desiredReward": "occaecat voluptate"
  },
  {
    "overallPoint": 96,
    "desiredReward": "quis pariatur"
  },
  {
    "overallPoint": 94,
    "desiredReward": "laboris culpa"
  },
  {
    "overallPoint": 95,
    "desiredReward": "non officia"
  },
  {
    "overallPoint": 99,
    "desiredReward": "voluptate in"
  },
  {
    "overallPoint": 100,
    "desiredReward": "incididunt tempor"
  },
  {
    "overallPoint": 97,
    "desiredReward": "veniam dolor"
  },
  {
    "overallPoint": 89,
    "desiredReward": "quis commodo"
  },
  {
    "overallPoint": 92,
    "desiredReward": "ipsum mollit"
  },
  {
    "overallPoint": 88,
    "desiredReward": "tempor enim"
  },
  {
    "overallPoint": 92,
    "desiredReward": "cillum consectetur"
  },
  {
    "overallPoint": 83,
    "desiredReward": "non excepteur"
  },
  {
    "overallPoint": 95,
    "desiredReward": "elit veniam"
  },
  {
    "overallPoint": 98,
    "desiredReward": "duis exercitation"
  },
  {
    "overallPoint": 91,
    "desiredReward": "non aute"
  },
  {
    "overallPoint": 80,
    "desiredReward": "cupidatat nostrud"
  },
  {
    "overallPoint": 88,
    "desiredReward": "ad exercitation"
  },
  {
    "overallPoint": 84,
    "desiredReward": "ad esse"
  },
  {
    "overallPoint": 83,
    "desiredReward": "id ut"
  },
  {
    "overallPoint": 99,
    "desiredReward": "aliqua consequat"
  },
  {
    "overallPoint": 90,
    "desiredReward": "amet esse"
  },
  {
    "overallPoint": 99,
    "desiredReward": "dolor esse"
  },
  {
    "overallPoint": 89,
    "desiredReward": "ex consequat"
  },
  {
    "overallPoint": 84,
    "desiredReward": "aliqua proident"
  },
  {
    "overallPoint": 92,
    "desiredReward": "pariatur reprehenderit"
  },
  {
    "overallPoint": 96,
    "desiredReward": "ullamco consectetur"
  },
  {
    "overallPoint": 97,
    "desiredReward": "proident aliquip"
  },
  {
    "overallPoint": 100,
    "desiredReward": "ad culpa"
  },
  {
    "overallPoint": 84,
    "desiredReward": "id cillum"
  },
  {
    "overallPoint": 100,
    "desiredReward": "enim excepteur"
  },
  {
    "overallPoint": 90,
    "desiredReward": "labore sit"
  },
  {
    "overallPoint": 86,
    "desiredReward": "est exercitation"
  },
  {
    "overallPoint": 91,
    "desiredReward": "aliqua nulla"
  },
  {
    "overallPoint": 92,
    "desiredReward": "nulla enim"
  },
  {
    "overallPoint": 94,
    "desiredReward": "ex in"
  },
  {
    "overallPoint": 82,
    "desiredReward": "cillum elit"
  },
  {
    "overallPoint": 99,
    "desiredReward": "consequat reprehenderit"
  },
  {
    "overallPoint": 95,
    "desiredReward": "labore qui"
  },
  {
    "overallPoint": 98,
    "desiredReward": "elit commodo"
  },
  {
    "overallPoint": 96,
    "desiredReward": "eiusmod voluptate"
  },
  {
    "overallPoint": 83,
    "desiredReward": "nostrud tempor"
  },
  {
    "overallPoint": 82,
    "desiredReward": "ea labore"
  },
  {
    "overallPoint": 81,
    "desiredReward": "consequat excepteur"
  },
  {
    "overallPoint": 91,
    "desiredReward": "quis reprehenderit"
  },
  {
    "overallPoint": 83,
    "desiredReward": "aliquip reprehenderit"
  },
  {
    "overallPoint": 99,
    "desiredReward": "anim anim"
  },
  {
    "overallPoint": 87,
    "desiredReward": "labore nisi"
  },
  {
    "overallPoint": 95,
    "desiredReward": "pariatur sint"
  },
  {
    "overallPoint": 95,
    "desiredReward": "laboris ad"
  },
  {
    "overallPoint": 98,
    "desiredReward": "cillum et"
  },
  {
    "overallPoint": 95,
    "desiredReward": "quis cillum"
  },
  {
    "overallPoint": 90,
    "desiredReward": "officia consectetur"
  },
  {
    "overallPoint": 98,
    "desiredReward": "ut ad"
  },
  {
    "overallPoint": 87,
    "desiredReward": "occaecat ad"
  },
  {
    "overallPoint": 85,
    "desiredReward": "do ea"
  },
  {
    "overallPoint": 80,
    "desiredReward": "irure dolor"
  },
  {
    "overallPoint": 97,
    "desiredReward": "sit eiusmod"
  },
  {
    "overallPoint": 97,
    "desiredReward": "sint culpa"
  },
  {
    "overallPoint": 81,
    "desiredReward": "voluptate officia"
  },
  {
    "overallPoint": 90,
    "desiredReward": "amet non"
  },
  {
    "overallPoint": 88,
    "desiredReward": "sint consectetur"
  },
  {
    "overallPoint": 89,
    "desiredReward": "ea sint"
  },
  {
    "overallPoint": 97,
    "desiredReward": "laboris dolor"
  },
  {
    "overallPoint": 92,
    "desiredReward": "amet ipsum"
  },
  {
    "overallPoint": 85,
    "desiredReward": "tempor eiusmod"
  },
  {
    "overallPoint": 85,
    "desiredReward": "mollit mollit"
  },
  {
    "overallPoint": 95,
    "desiredReward": "non fugiat"
  },
  {
    "overallPoint": 89,
    "desiredReward": "velit aliquip"
  },
  {
    "overallPoint": 82,
    "desiredReward": "enim do"
  },
  {
    "overallPoint": 89,
    "desiredReward": "esse Lorem"
  },
  {
    "overallPoint": 96,
    "desiredReward": "irure aliquip"
  },
  {
    "overallPoint": 84,
    "desiredReward": "veniam sunt"
  },
  {
    "overallPoint": 80,
    "desiredReward": "ut sint"
  },
  {
    "overallPoint": 96,
    "desiredReward": "occaecat nulla"
  },
  {
    "overallPoint": 93,
    "desiredReward": "sunt duis"
  },
  {
    "overallPoint": 92,
    "desiredReward": "sunt cillum"
  },
  {
    "overallPoint": 86,
    "desiredReward": "ipsum mollit"
  },
  {
    "overallPoint": 90,
    "desiredReward": "elit reprehenderit"
  },
  {
    "overallPoint": 81,
    "desiredReward": "exercitation occaecat"
  },
  {
    "overallPoint": 93,
    "desiredReward": "adipisicing duis"
  },
  {
    "overallPoint": 85,
    "desiredReward": "ea sunt"
  },
  {
    "overallPoint": 88,
    "desiredReward": "adipisicing eiusmod"
  },
  {
    "overallPoint": 86,
    "desiredReward": "ullamco non"
  },
  {
    "overallPoint": 93,
    "desiredReward": "Lorem magna"
  },
  {
    "overallPoint": 92,
    "desiredReward": "in commodo"
  },
  {
    "overallPoint": 82,
    "desiredReward": "labore sit"
  },
  {
    "overallPoint": 82,
    "desiredReward": "reprehenderit laborum"
  },
  {
    "overallPoint": 100,
    "desiredReward": "in enim"
  },
  {
    "overallPoint": 89,
    "desiredReward": "pariatur magna"
  },
  {
    "overallPoint": 89,
    "desiredReward": "cupidatat exercitation"
  },
  {
    "overallPoint": 92,
    "desiredReward": "exercitation reprehenderit"
  },
  {
    "overallPoint": 92,
    "desiredReward": "non ut"
  },
  {
    "overallPoint": 95,
    "desiredReward": "ea ut"
  },
  {
    "overallPoint": 86,
    "desiredReward": "reprehenderit aute"
  },
  {
    "overallPoint": 93,
    "desiredReward": "esse nulla"
  },
  {
    "overallPoint": 95,
    "desiredReward": "est cupidatat"
  },
  {
    "overallPoint": 98,
    "desiredReward": "id nulla"
  },
  {
    "overallPoint": 80,
    "desiredReward": "aute qui"
  },
  {
    "overallPoint": 86,
    "desiredReward": "pariatur id"
  },
  {
    "overallPoint": 97,
    "desiredReward": "cillum esse"
  },
  {
    "overallPoint": 86,
    "desiredReward": "laboris consectetur"
  },
  {
    "overallPoint": 100,
    "desiredReward": "mollit sunt"
  },
  {
    "overallPoint": 80,
    "desiredReward": "consectetur laboris"
  },
  {
    "overallPoint": 82,
    "desiredReward": "incididunt esse"
  },
  {
    "overallPoint": 85,
    "desiredReward": "exercitation dolore"
  },
  {
    "overallPoint": 88,
    "desiredReward": "officia aliquip"
  },
  {
    "overallPoint": 85,
    "desiredReward": "ut non"
  },
  {
    "overallPoint": 86,
    "desiredReward": "exercitation aliquip"
  },
  {
    "overallPoint": 93,
    "desiredReward": "nostrud aliqua"
  },
  {
    "overallPoint": 80,
    "desiredReward": "duis velit"
  },
  {
    "overallPoint": 100,
    "desiredReward": "occaecat nulla"
  },
  {
    "overallPoint": 97,
    "desiredReward": "minim fugiat"
  },
  {
    "overallPoint": 88,
    "desiredReward": "sunt voluptate"
  },
  {
    "overallPoint": 92,
    "desiredReward": "consectetur aliqua"
  },
  {
    "overallPoint": 84,
    "desiredReward": "consectetur labore"
  },
  {
    "overallPoint": 98,
    "desiredReward": "eu commodo"
  },
  {
    "overallPoint": 84,
    "desiredReward": "consequat voluptate"
  },
  {
    "overallPoint": 86,
    "desiredReward": "consectetur consequat"
  },
  {
    "overallPoint": 84,
    "desiredReward": "sunt laborum"
  },
  {
    "overallPoint": 83,
    "desiredReward": "duis aute"
  },
  {
    "overallPoint": 81,
    "desiredReward": "occaecat non"
  },
  {
    "overallPoint": 86,
    "desiredReward": "eu sunt"
  },
  {
    "overallPoint": 100,
    "desiredReward": "veniam eiusmod"
  },
  {
    "overallPoint": 84,
    "desiredReward": "duis ullamco"
  },
  {
    "overallPoint": 89,
    "desiredReward": "et deserunt"
  },
  {
    "overallPoint": 88,
    "desiredReward": "cillum ex"
  },
  {
    "overallPoint": 95,
    "desiredReward": "esse minim"
  },
  {
    "overallPoint": 86,
    "desiredReward": "veniam nisi"
  },
  {
    "overallPoint": 88,
    "desiredReward": "culpa id"
  },
  {
    "overallPoint": 96,
    "desiredReward": "cupidatat labore"
  },
  {
    "overallPoint": 95,
    "desiredReward": "esse proident"
  },
  {
    "overallPoint": 84,
    "desiredReward": "aute anim"
  },
  {
    "overallPoint": 98,
    "desiredReward": "ipsum nulla"
  },
  {
    "overallPoint": 94,
    "desiredReward": "irure consectetur"
  },
  {
    "overallPoint": 88,
    "desiredReward": "ad sint"
  },
  {
    "overallPoint": 91,
    "desiredReward": "reprehenderit minim"
  },
  {
    "overallPoint": 93,
    "desiredReward": "consectetur ullamco"
  },
  {
    "overallPoint": 91,
    "desiredReward": "eiusmod est"
  },
  {
    "overallPoint": 97,
    "desiredReward": "incididunt do"
  },
  {
    "overallPoint": 81,
    "desiredReward": "laboris ex"
  },
  {
    "overallPoint": 89,
    "desiredReward": "mollit aliquip"
  },
  {
    "overallPoint": 84,
    "desiredReward": "in qui"
  },
  {
    "overallPoint": 92,
    "desiredReward": "minim non"
  },
  {
    "overallPoint": 94,
    "desiredReward": "aliquip est"
  },
  {
    "overallPoint": 85,
    "desiredReward": "consequat et"
  },
  {
    "overallPoint": 84,
    "desiredReward": "adipisicing excepteur"
  },
  {
    "overallPoint": 87,
    "desiredReward": "amet excepteur"
  },
  {
    "overallPoint": 83,
    "desiredReward": "laborum pariatur"
  },
  {
    "overallPoint": 100,
    "desiredReward": "id nulla"
  },
  {
    "overallPoint": 95,
    "desiredReward": "ut non"
  },
  {
    "overallPoint": 98,
    "desiredReward": "Lorem fugiat"
  },
  {
    "overallPoint": 84,
    "desiredReward": "esse sunt"
  },
  {
    "overallPoint": 89,
    "desiredReward": "eu esse"
  },
  {
    "overallPoint": 85,
    "desiredReward": "culpa excepteur"
  },
  {
    "overallPoint": 92,
    "desiredReward": "esse irure"
  },
  {
    "overallPoint": 90,
    "desiredReward": "magna cupidatat"
  },
  {
    "overallPoint": 91,
    "desiredReward": "occaecat nostrud"
  },
  {
    "overallPoint": 99,
    "desiredReward": "Lorem ipsum"
  },
  {
    "overallPoint": 85,
    "desiredReward": "ut veniam"
  },
  {
    "overallPoint": 83,
    "desiredReward": "ullamco Lorem"
  },
  {
    "overallPoint": 90,
    "desiredReward": "est duis"
  },
  {
    "overallPoint": 82,
    "desiredReward": "velit in"
  },
  {
    "overallPoint": 97,
    "desiredReward": "ea adipisicing"
  },
  {
    "overallPoint": 96,
    "desiredReward": "cillum commodo"
  },
  {
    "overallPoint": 86,
    "desiredReward": "magna tempor"
  },
  {
    "overallPoint": 96,
    "desiredReward": "amet magna"
  },
  {
    "overallPoint": 86,
    "desiredReward": "ad adipisicing"
  },
  {
    "overallPoint": 90,
    "desiredReward": "dolor ad"
  },
  {
    "overallPoint": 86,
    "desiredReward": "voluptate exercitation"
  },
  {
    "overallPoint": 88,
    "desiredReward": "velit aliqua"
  },
  {
    "overallPoint": 82,
    "desiredReward": "dolore laboris"
  },
  {
    "overallPoint": 81,
    "desiredReward": "deserunt dolor"
  },
  {
    "overallPoint": 86,
    "desiredReward": "tempor cillum"
  },
  {
    "overallPoint": 80,
    "desiredReward": "incididunt ea"
  },
  {
    "overallPoint": 94,
    "desiredReward": "qui quis"
  },
  {
    "overallPoint": 87,
    "desiredReward": "exercitation mollit"
  },
  {
    "overallPoint": 97,
    "desiredReward": "laborum proident"
  },
  {
    "overallPoint": 97,
    "desiredReward": "id nisi"
  },
  {
    "overallPoint": 88,
    "desiredReward": "qui qui"
  },
  {
    "overallPoint": 100,
    "desiredReward": "ad ut"
  },
  {
    "overallPoint": 87,
    "desiredReward": "amet exercitation"
  },
  {
    "overallPoint": 86,
    "desiredReward": "nulla duis"
  },
  {
    "overallPoint": 92,
    "desiredReward": "id sunt"
  },
  {
    "overallPoint": 91,
    "desiredReward": "sunt Lorem"
  },
  {
    "overallPoint": 93,
    "desiredReward": "id esse"
  },
  {
    "overallPoint": 95,
    "desiredReward": "enim proident"
  },
  {
    "overallPoint": 80,
    "desiredReward": "quis ipsum"
  },
  {
    "overallPoint": 89,
    "desiredReward": "labore tempor"
  },
  {
    "overallPoint": 100,
    "desiredReward": "culpa exercitation"
  },
  {
    "overallPoint": 97,
    "desiredReward": "amet duis"
  },
  {
    "overallPoint": 99,
    "desiredReward": "qui dolor"
  },
  {
    "overallPoint": 91,
    "desiredReward": "laboris esse"
  },
  {
    "overallPoint": 98,
    "desiredReward": "incididunt sint"
  },
  {
    "overallPoint": 99,
    "desiredReward": "anim sunt"
  },
  {
    "overallPoint": 89,
    "desiredReward": "mollit nostrud"
  },
  {
    "overallPoint": 81,
    "desiredReward": "cillum incididunt"
  },
  {
    "overallPoint": 90,
    "desiredReward": "ut velit"
  },
  {
    "overallPoint": 82,
    "desiredReward": "fugiat est"
  },
  {
    "overallPoint": 81,
    "desiredReward": "culpa sint"
  },
  {
    "overallPoint": 85,
    "desiredReward": "fugiat est"
  },
  {
    "overallPoint": 84,
    "desiredReward": "ullamco pariatur"
  },
  {
    "overallPoint": 84,
    "desiredReward": "sit mollit"
  },
  {
    "overallPoint": 84,
    "desiredReward": "amet occaecat"
  },
  {
    "overallPoint": 83,
    "desiredReward": "non velit"
  },
  {
    "overallPoint": 96,
    "desiredReward": "veniam cillum"
  },
  {
    "overallPoint": 86,
    "desiredReward": "qui minim"
  },
  {
    "overallPoint": 92,
    "desiredReward": "proident irure"
  },
  {
    "overallPoint": 94,
    "desiredReward": "labore velit"
  },
  {
    "overallPoint": 80,
    "desiredReward": "labore ut"
  },
  {
    "overallPoint": 95,
    "desiredReward": "officia veniam"
  },
  {
    "overallPoint": 80,
    "desiredReward": "non minim"
  },
  {
    "overallPoint": 95,
    "desiredReward": "labore sunt"
  },
  {
    "overallPoint": 96,
    "desiredReward": "cillum minim"
  },
  {
    "overallPoint": 91,
    "desiredReward": "pariatur pariatur"
  },
  {
    "overallPoint": 89,
    "desiredReward": "pariatur esse"
  },
  {
    "overallPoint": 86,
    "desiredReward": "et cillum"
  },
  {
    "overallPoint": 89,
    "desiredReward": "aliquip esse"
  },
  {
    "overallPoint": 93,
    "desiredReward": "veniam velit"
  },
  {
    "overallPoint": 98,
    "desiredReward": "commodo nulla"
  },
  {
    "overallPoint": 83,
    "desiredReward": "eiusmod commodo"
  },
  {
    "overallPoint": 84,
    "desiredReward": "consequat ut"
  },
  {
    "overallPoint": 94,
    "desiredReward": "dolore commodo"
  },
  {
    "overallPoint": 81,
    "desiredReward": "duis enim"
  },
  {
    "overallPoint": 89,
    "desiredReward": "mollit adipisicing"
  },
  {
    "overallPoint": 82,
    "desiredReward": "magna velit"
  },
  {
    "overallPoint": 91,
    "desiredReward": "anim aliqua"
  },
  {
    "overallPoint": 96,
    "desiredReward": "proident pariatur"
  },
  {
    "overallPoint": 94,
    "desiredReward": "pariatur sunt"
  },
  {
    "overallPoint": 87,
    "desiredReward": "laboris adipisicing"
  },
  {
    "overallPoint": 84,
    "desiredReward": "ex do"
  },
  {
    "overallPoint": 80,
    "desiredReward": "sunt duis"
  },
  {
    "overallPoint": 80,
    "desiredReward": "est consectetur"
  },
  {
    "overallPoint": 89,
    "desiredReward": "magna non"
  },
  {
    "overallPoint": 95,
    "desiredReward": "quis anim"
  },
  {
    "overallPoint": 95,
    "desiredReward": "anim irure"
  },
  {
    "overallPoint": 80,
    "desiredReward": "excepteur officia"
  },
  {
    "overallPoint": 98,
    "desiredReward": "nisi excepteur"
  },
  {
    "overallPoint": 98,
    "desiredReward": "aliquip velit"
  },
  {
    "overallPoint": 80,
    "desiredReward": "et magna"
  },
  {
    "overallPoint": 98,
    "desiredReward": "elit fugiat"
  },
  {
    "overallPoint": 92,
    "desiredReward": "consequat in"
  },
  {
    "overallPoint": 91,
    "desiredReward": "commodo fugiat"
  },
  {
    "overallPoint": 80,
    "desiredReward": "aliqua laborum"
  },
  {
    "overallPoint": 83,
    "desiredReward": "tempor qui"
  },
  {
    "overallPoint": 92,
    "desiredReward": "nulla ipsum"
  },
  {
    "overallPoint": 91,
    "desiredReward": "laborum laboris"
  },
  {
    "overallPoint": 93,
    "desiredReward": "exercitation aliquip"
  },
  {
    "overallPoint": 88,
    "desiredReward": "esse occaecat"
  },
  {
    "overallPoint": 83,
    "desiredReward": "tempor duis"
  },
  {
    "overallPoint": 95,
    "desiredReward": "dolor enim"
  },
  {
    "overallPoint": 88,
    "desiredReward": "ad pariatur"
  },
  {
    "overallPoint": 90,
    "desiredReward": "magna voluptate"
  },
  {
    "overallPoint": 93,
    "desiredReward": "officia ipsum"
  },
  {
    "overallPoint": 88,
    "desiredReward": "ipsum do"
  },
  {
    "overallPoint": 95,
    "desiredReward": "reprehenderit nulla"
  },
  {
    "overallPoint": 97,
    "desiredReward": "Lorem dolor"
  },
  {
    "overallPoint": 80,
    "desiredReward": "in esse"
  },
  {
    "overallPoint": 87,
    "desiredReward": "laboris sint"
  },
  {
    "overallPoint": 95,
    "desiredReward": "enim pariatur"
  },
  {
    "overallPoint": 80,
    "desiredReward": "sunt cillum"
  },
  {
    "overallPoint": 95,
    "desiredReward": "Lorem id"
  },
  {
    "overallPoint": 86,
    "desiredReward": "nisi dolore"
  },
  {
    "overallPoint": 85,
    "desiredReward": "fugiat mollit"
  },
  {
    "overallPoint": 95,
    "desiredReward": "duis ipsum"
  },
  {
    "overallPoint": 96,
    "desiredReward": "ut incididunt"
  },
  {
    "overallPoint": 97,
    "desiredReward": "et ipsum"
  },
  {
    "overallPoint": 81,
    "desiredReward": "mollit cillum"
  },
  {
    "overallPoint": 81,
    "desiredReward": "pariatur est"
  },
  {
    "overallPoint": 95,
    "desiredReward": "ipsum fugiat"
  },
  {
    "overallPoint": 91,
    "desiredReward": "labore cillum"
  },
  {
    "overallPoint": 80,
    "desiredReward": "anim sint"
  },
  {
    "overallPoint": 81,
    "desiredReward": "elit reprehenderit"
  },
  {
    "overallPoint": 88,
    "desiredReward": "aliqua adipisicing"
  },
  {
    "overallPoint": 87,
    "desiredReward": "laboris velit"
  },
  {
    "overallPoint": 85,
    "desiredReward": "adipisicing aliquip"
  },
  {
    "overallPoint": 97,
    "desiredReward": "ea occaecat"
  },
  {
    "overallPoint": 91,
    "desiredReward": "Lorem laboris"
  },
  {
    "overallPoint": 94,
    "desiredReward": "ullamco labore"
  },
  {
    "overallPoint": 98,
    "desiredReward": "sit non"
  },
  {
    "overallPoint": 90,
    "desiredReward": "sint pariatur"
  },
  {
    "overallPoint": 85,
    "desiredReward": "ut ipsum"
  },
  {
    "overallPoint": 86,
    "desiredReward": "laborum ea"
  },
  {
    "overallPoint": 83,
    "desiredReward": "non ea"
  },
  {
    "overallPoint": 83,
    "desiredReward": "voluptate ut"
  },
  {
    "overallPoint": 96,
    "desiredReward": "labore tempor"
  },
  {
    "overallPoint": 83,
    "desiredReward": "voluptate ea"
  },
  {
    "overallPoint": 96,
    "desiredReward": "veniam reprehenderit"
  },
  {
    "overallPoint": 93,
    "desiredReward": "sit qui"
  },
  {
    "overallPoint": 92,
    "desiredReward": "magna voluptate"
  },
  {
    "overallPoint": 95,
    "desiredReward": "dolor et"
  },
  {
    "overallPoint": 82,
    "desiredReward": "aliqua pariatur"
  },
  {
    "overallPoint": 83,
    "desiredReward": "cillum consequat"
  },
  {
    "overallPoint": 100,
    "desiredReward": "nisi labore"
  },
  {
    "overallPoint": 100,
    "desiredReward": "ex eu"
  },
  {
    "overallPoint": 89,
    "desiredReward": "non consectetur"
  },
  {
    "overallPoint": 96,
    "desiredReward": "eiusmod non"
  },
  {
    "overallPoint": 97,
    "desiredReward": "sint exercitation"
  },
  {
    "overallPoint": 100,
    "desiredReward": "do anim"
  },
  {
    "overallPoint": 94,
    "desiredReward": "voluptate ipsum"
  },
  {
    "overallPoint": 86,
    "desiredReward": "ullamco enim"
  },
  {
    "overallPoint": 86,
    "desiredReward": "enim amet"
  },
  {
    "overallPoint": 87,
    "desiredReward": "in laboris"
  },
  {
    "overallPoint": 83,
    "desiredReward": "commodo esse"
  },
  {
    "overallPoint": 90,
    "desiredReward": "duis exercitation"
  },
  {
    "overallPoint": 96,
    "desiredReward": "officia ea"
  },
  {
    "overallPoint": 92,
    "desiredReward": "elit incididunt"
  },
  {
    "overallPoint": 80,
    "desiredReward": "do voluptate"
  },
  {
    "overallPoint": 93,
    "desiredReward": "duis reprehenderit"
  },
  {
    "overallPoint": 82,
    "desiredReward": "ea incididunt"
  },
  {
    "overallPoint": 88,
    "desiredReward": "velit magna"
  },
  {
    "overallPoint": 86,
    "desiredReward": "tempor culpa"
  },
  {
    "overallPoint": 99,
    "desiredReward": "commodo dolore"
  },
  {
    "overallPoint": 82,
    "desiredReward": "qui excepteur"
  },
  {
    "overallPoint": 87,
    "desiredReward": "incididunt ipsum"
  },
  {
    "overallPoint": 99,
    "desiredReward": "nulla culpa"
  },
  {
    "overallPoint": 86,
    "desiredReward": "non mollit"
  },
  {
    "overallPoint": 82,
    "desiredReward": "exercitation exercitation"
  },
  {
    "overallPoint": 99,
    "desiredReward": "elit enim"
  },
  {
    "overallPoint": 97,
    "desiredReward": "ad ex"
  },
  {
    "overallPoint": 90,
    "desiredReward": "ut eiusmod"
  },
  {
    "overallPoint": 96,
    "desiredReward": "eiusmod incididunt"
  },
  {
    "overallPoint": 87,
    "desiredReward": "commodo anim"
  },
  {
    "overallPoint": 96,
    "desiredReward": "enim commodo"
  },
  {
    "overallPoint": 84,
    "desiredReward": "et ex"
  },
  {
    "overallPoint": 81,
    "desiredReward": "reprehenderit eiusmod"
  },
  {
    "overallPoint": 87,
    "desiredReward": "in excepteur"
  },
  {
    "overallPoint": 88,
    "desiredReward": "dolor ex"
  },
  {
    "overallPoint": 83,
    "desiredReward": "non duis"
  },
  {
    "overallPoint": 91,
    "desiredReward": "elit quis"
  },
  {
    "overallPoint": 85,
    "desiredReward": "reprehenderit sint"
  },
  {
    "overallPoint": 100,
    "desiredReward": "ut aute"
  },
  {
    "overallPoint": 97,
    "desiredReward": "cillum eu"
  },
  {
    "overallPoint": 90,
    "desiredReward": "aliqua irure"
  },
  {
    "overallPoint": 99,
    "desiredReward": "enim cupidatat"
  },
  {
    "overallPoint": 94,
    "desiredReward": "sit ut"
  },
  {
    "overallPoint": 85,
    "desiredReward": "laboris mollit"
  },
  {
    "overallPoint": 88,
    "desiredReward": "elit ipsum"
  },
  {
    "overallPoint": 93,
    "desiredReward": "aute laboris"
  },
  {
    "overallPoint": 91,
    "desiredReward": "minim dolore"
  },
  {
    "overallPoint": 83,
    "desiredReward": "aliquip voluptate"
  },
  {
    "overallPoint": 82,
    "desiredReward": "qui excepteur"
  },
  {
    "overallPoint": 85,
    "desiredReward": "in aliqua"
  },
  {
    "overallPoint": 88,
    "desiredReward": "culpa cupidatat"
  },
  {
    "overallPoint": 84,
    "desiredReward": "dolor cillum"
  },
  {
    "overallPoint": 82,
    "desiredReward": "culpa qui"
  },
  {
    "overallPoint": 82,
    "desiredReward": "est laborum"
  },
  {
    "overallPoint": 97,
    "desiredReward": "ea culpa"
  },
  {
    "overallPoint": 95,
    "desiredReward": "nostrud dolore"
  },
  {
    "overallPoint": 91,
    "desiredReward": "Lorem id"
  },
  {
    "overallPoint": 94,
    "desiredReward": "officia et"
  },
  {
    "overallPoint": 99,
    "desiredReward": "ad consectetur"
  },
  {
    "overallPoint": 82,
    "desiredReward": "id et"
  },
  {
    "overallPoint": 100,
    "desiredReward": "irure tempor"
  },
  {
    "overallPoint": 84,
    "desiredReward": "velit dolor"
  },
  {
    "overallPoint": 97,
    "desiredReward": "consequat occaecat"
  },
  {
    "overallPoint": 91,
    "desiredReward": "incididunt exercitation"
  },
  {
    "overallPoint": 85,
    "desiredReward": "dolore ex"
  },
  {
    "overallPoint": 91,
    "desiredReward": "qui nostrud"
  },
  {
    "overallPoint": 94,
    "desiredReward": "Lorem eu"
  },
  {
    "overallPoint": 89,
    "desiredReward": "consequat occaecat"
  },
  {
    "overallPoint": 92,
    "desiredReward": "fugiat fugiat"
  },
  {
    "overallPoint": 81,
    "desiredReward": "proident qui"
  },
  {
    "overallPoint": 93,
    "desiredReward": "veniam ad"
  },
  {
    "overallPoint": 91,
    "desiredReward": "officia mollit"
  },
  {
    "overallPoint": 85,
    "desiredReward": "quis ullamco"
  },
  {
    "overallPoint": 85,
    "desiredReward": "minim magna"
  },
  {
    "overallPoint": 87,
    "desiredReward": "consequat officia"
  },
  {
    "overallPoint": 85,
    "desiredReward": "elit sint"
  },
  {
    "overallPoint": 90,
    "desiredReward": "veniam laborum"
  },
  {
    "overallPoint": 100,
    "desiredReward": "id ipsum"
  },
  {
    "overallPoint": 85,
    "desiredReward": "exercitation occaecat"
  },
  {
    "overallPoint": 82,
    "desiredReward": "ex aliqua"
  },
  {
    "overallPoint": 92,
    "desiredReward": "irure ex"
  },
  {
    "overallPoint": 80,
    "desiredReward": "eiusmod excepteur"
  },
  {
    "overallPoint": 90,
    "desiredReward": "non veniam"
  },
  {
    "overallPoint": 95,
    "desiredReward": "commodo sint"
  },
  {
    "overallPoint": 96,
    "desiredReward": "aute nostrud"
  },
  {
    "overallPoint": 87,
    "desiredReward": "nisi consectetur"
  },
  {
    "overallPoint": 97,
    "desiredReward": "consequat excepteur"
  },
  {
    "overallPoint": 93,
    "desiredReward": "Lorem ipsum"
  },
  {
    "overallPoint": 90,
    "desiredReward": "ex cillum"
  },
  {
    "overallPoint": 83,
    "desiredReward": "proident culpa"
  },
  {
    "overallPoint": 90,
    "desiredReward": "in consectetur"
  },
  {
    "overallPoint": 84,
    "desiredReward": "qui non"
  },
  {
    "overallPoint": 95,
    "desiredReward": "non dolore"
  },
  {
    "overallPoint": 83,
    "desiredReward": "incididunt aliqua"
  },
  {
    "overallPoint": 92,
    "desiredReward": "ipsum excepteur"
  },
  {
    "overallPoint": 89,
    "desiredReward": "laboris Lorem"
  },
  {
    "overallPoint": 98,
    "desiredReward": "do dolore"
  },
  {
    "overallPoint": 100,
    "desiredReward": "in enim"
  },
  {
    "overallPoint": 88,
    "desiredReward": "cillum laborum"
  },
  {
    "overallPoint": 87,
    "desiredReward": "quis ipsum"
  },
  {
    "overallPoint": 80,
    "desiredReward": "culpa sit"
  },
  {
    "overallPoint": 96,
    "desiredReward": "commodo aliqua"
  },
  {
    "overallPoint": 94,
    "desiredReward": "commodo quis"
  },
  {
    "overallPoint": 83,
    "desiredReward": "sint occaecat"
  },
  {
    "overallPoint": 86,
    "desiredReward": "est sint"
  },
  {
    "overallPoint": 97,
    "desiredReward": "do consequat"
  },
  {
    "overallPoint": 96,
    "desiredReward": "ipsum dolor"
  },
  {
    "overallPoint": 87,
    "desiredReward": "sint reprehenderit"
  },
  {
    "overallPoint": 81,
    "desiredReward": "nostrud sit"
  },
  {
    "overallPoint": 84,
    "desiredReward": "anim sit"
  },
  {
    "overallPoint": 98,
    "desiredReward": "nulla commodo"
  },
  {
    "overallPoint": 99,
    "desiredReward": "nisi minim"
  },
  {
    "overallPoint": 84,
    "desiredReward": "aliqua et"
  },
  {
    "overallPoint": 94,
    "desiredReward": "sint anim"
  },
  {
    "overallPoint": 80,
    "desiredReward": "dolore eu"
  },
  {
    "overallPoint": 94,
    "desiredReward": "reprehenderit pariatur"
  },
  {
    "overallPoint": 81,
    "desiredReward": "qui tempor"
  },
  {
    "overallPoint": 92,
    "desiredReward": "deserunt ex"
  },
  {
    "overallPoint": 85,
    "desiredReward": "velit adipisicing"
  },
  {
    "overallPoint": 99,
    "desiredReward": "adipisicing irure"
  },
  {
    "overallPoint": 80,
    "desiredReward": "pariatur ullamco"
  },
  {
    "overallPoint": 92,
    "desiredReward": "tempor enim"
  },
  {
    "overallPoint": 80,
    "desiredReward": "minim id"
  },
  {
    "overallPoint": 83,
    "desiredReward": "in nulla"
  },
  {
    "overallPoint": 89,
    "desiredReward": "eu incididunt"
  },
  {
    "overallPoint": 100,
    "desiredReward": "esse in"
  },
  {
    "overallPoint": 89,
    "desiredReward": "dolore voluptate"
  },
  {
    "overallPoint": 94,
    "desiredReward": "laboris ex"
  },
  {
    "overallPoint": 86,
    "desiredReward": "ad veniam"
  },
  {
    "overallPoint": 97,
    "desiredReward": "adipisicing ut"
  },
  {
    "overallPoint": 93,
    "desiredReward": "incididunt sit"
  },
  {
    "overallPoint": 100,
    "desiredReward": "incididunt dolor"
  },
  {
    "overallPoint": 93,
    "desiredReward": "culpa culpa"
  },
  {
    "overallPoint": 93,
    "desiredReward": "quis pariatur"
  },
  {
    "overallPoint": 98,
    "desiredReward": "cillum pariatur"
  },
  {
    "overallPoint": 87,
    "desiredReward": "dolor nulla"
  },
  {
    "overallPoint": 93,
    "desiredReward": "officia Lorem"
  },
  {
    "overallPoint": 99,
    "desiredReward": "reprehenderit irure"
  },
  {
    "overallPoint": 91,
    "desiredReward": "amet culpa"
  },
  {
    "overallPoint": 85,
    "desiredReward": "voluptate dolore"
  },
  {
    "overallPoint": 99,
    "desiredReward": "est ex"
  },
  {
    "overallPoint": 86,
    "desiredReward": "esse pariatur"
  },
  {
    "overallPoint": 100,
    "desiredReward": "voluptate ut"
  },
  {
    "overallPoint": 90,
    "desiredReward": "aliqua ad"
  },
  {
    "overallPoint": 93,
    "desiredReward": "laboris duis"
  },
  {
    "overallPoint": 80,
    "desiredReward": "sit culpa"
  },
  {
    "overallPoint": 87,
    "desiredReward": "deserunt mollit"
  },
  {
    "overallPoint": 89,
    "desiredReward": "aliquip est"
  },
  {
    "overallPoint": 100,
    "desiredReward": "consequat sit"
  },
  {
    "overallPoint": 97,
    "desiredReward": "excepteur enim"
  },
  {
    "overallPoint": 82,
    "desiredReward": "ut nisi"
  },
  {
    "overallPoint": 98,
    "desiredReward": "commodo quis"
  },
  {
    "overallPoint": 84,
    "desiredReward": "ipsum deserunt"
  }
]
