[
  {
    "name": "Munoz Rose esse Housedown",
    "trelloBoardId": "bbc61110-097a-44be-8a60-7bd51d396129",
    "lastAccessed": [],
    "upperBoundary": 82,
    "lowerBoundary": 17
  },
  {
    "name": "Elaine Mack tempor Geekfarm",
    "trelloBoardId": "d8ecb96a-a6e3-42a7-8f94-64f130e28ae5",
    "lastAccessed": [],
    "upperBoundary": 96,
    "lowerBoundary": 29
  },
  {
    "name": "Shelby Byrd nisi Zialactic",
    "trelloBoardId": "c6a54f53-fcc6-4487-a994-e47d322217ad",
    "lastAccessed": [],
    "upperBoundary": 100,
    "lowerBoundary": 28
  },
  {
    "name": "Ann Schmidt eiusmod Xurban",
    "trelloBoardId": "23125b30-4570-4c10-8e11-3ec00b7c189a",
    "lastAccessed": [],
    "upperBoundary": 92,
    "lowerBoundary": 12
  },
  {
    "name": "Griffith Mendez ex Sonique",
    "trelloBoardId": "e1ccc2bf-5200-490a-80aa-979033f2cded",
    "lastAccessed": [],
    "upperBoundary": 80,
    "lowerBoundary": 23
  },
  {
    "name": "Gentry Gillespie cupidatat Newcube",
    "trelloBoardId": "be232d0b-3cf7-4db3-bd2f-84a862a91444",
    "lastAccessed": [],
    "upperBoundary": 86,
    "lowerBoundary": 11
  },
  {
    "name": "Ramirez Booker aute Rodeocean",
    "trelloBoardId": "e7a9fbca-8409-4b9e-acb2-6f1284ae98a9",
    "lastAccessed": [],
    "upperBoundary": 94,
    "lowerBoundary": 27
  },
  {
    "name": "Genevieve Ward id Homelux",
    "trelloBoardId": "bd3fd55d-db3f-48ba-8fc2-6753a1f8f720",
    "lastAccessed": [],
    "upperBoundary": 86,
    "lowerBoundary": 30
  },
  {
    "name": "Aida Cochran lorem Exospace",
    "trelloBoardId": "2760fcca-2ae1-4d70-ad36-943e40cc5766",
    "lastAccessed": [],
    "upperBoundary": 85,
    "lowerBoundary": 28
  },
  {
    "name": "Hester Langley dolore Automon",
    "trelloBoardId": "c3068cc2-e067-4271-8772-ec5f289e8389",
    "lastAccessed": [],
    "upperBoundary": 92,
    "lowerBoundary": 22
  },
  {
    "name": "Eaton Melendez qui Endicil",
    "trelloBoardId": "56461a1f-f7cc-4eee-b90a-6810011f3fdf",
    "lastAccessed": [],
    "upperBoundary": 82,
    "lowerBoundary": 13
  },
  {
    "name": "Casey Evans non Zolar",
    "trelloBoardId": "e94b81fd-4f01-4b99-bde1-16d457592e8d",
    "lastAccessed": [],
    "upperBoundary": 82,
    "lowerBoundary": 13
  },
  {
    "name": "Levy Ortega anim Maxemia",
    "trelloBoardId": "25f8fba0-498d-4b28-8066-eba941b82990",
    "lastAccessed": [],
    "upperBoundary": 80,
    "lowerBoundary": 14
  },
  {
    "name": "Pruitt Maldonado ullamco Zentility",
    "trelloBoardId": "92f333ed-183e-43f0-bd55-d45c2f3a706b",
    "lastAccessed": [],
    "upperBoundary": 82,
    "lowerBoundary": 15
  },
  {
    "name": "Crosby Lindsey deserunt Miraclis",
    "trelloBoardId": "93976c0f-5001-44b2-9c69-3482ff668203",
    "lastAccessed": [],
    "upperBoundary": 100,
    "lowerBoundary": 26
  },
  {
    "name": "Socorro Daniel lorem Zorromop",
    "trelloBoardId": "a0a34108-10f2-43c0-b0ca-ecdda6e62773",
    "lastAccessed": [],
    "upperBoundary": 95,
    "lowerBoundary": 15
  },
  {
    "name": "Arline Wynn amet Quilm",
    "trelloBoardId": "f81ae363-07d0-470d-8d9b-bc832eb460b5",
    "lastAccessed": [],
    "upperBoundary": 97,
    "lowerBoundary": 14
  },
  {
    "name": "Shana Pickett velit Kidgrease",
    "trelloBoardId": "32df3d88-b2e9-405e-96eb-ef2dcfc240c3",
    "lastAccessed": [],
    "upperBoundary": 85,
    "lowerBoundary": 30
  },
  {
    "name": "Helena Carpenter nostrud Sealoud",
    "trelloBoardId": "341bb9b1-3202-40c8-b37e-5680dbf61d91",
    "lastAccessed": [],
    "upperBoundary": 85,
    "lowerBoundary": 28
  },
  {
    "name": "Jeannine Hammond ex Orbin",
    "trelloBoardId": "3a3a70f4-4512-421f-8cbf-1657568d7201",
    "lastAccessed": [],
    "upperBoundary": 96,
    "lowerBoundary": 15
  },
  {
    "name": "Russell Gilliam do Virxo",
    "trelloBoardId": "e34a9b9c-9396-45cc-8627-2390bb4c70f2",
    "lastAccessed": [],
    "upperBoundary": 86,
    "lowerBoundary": 10
  },
  {
    "name": "Barton Fletcher cupidatat Centuria",
    "trelloBoardId": "3c1f1a4f-4482-4abb-9d20-eff01cce3169",
    "lastAccessed": [],
    "upperBoundary": 98,
    "lowerBoundary": 28
  },
  {
    "name": "Maude Kelly proident Parcoe",
    "trelloBoardId": "1af27f02-59cc-4bd0-9fbc-9088f340a18a",
    "lastAccessed": [],
    "upperBoundary": 86,
    "lowerBoundary": 28
  },
  {
    "name": "Dudley Finley amet Xoggle",
    "trelloBoardId": "739a16fe-ab70-4e7d-a119-208a02335b24",
    "lastAccessed": [],
    "upperBoundary": 87,
    "lowerBoundary": 12
  },
  {
    "name": "Burks Sparks et Primordia",
    "trelloBoardId": "119f4366-099c-4475-9665-88d384f2cb87",
    "lastAccessed": [],
    "upperBoundary": 96,
    "lowerBoundary": 21
  },
  {
    "name": "Irma Mcmahon veniam Zilla",
    "trelloBoardId": "ef1461b2-3f95-45e3-8466-e2e07aa1731a",
    "lastAccessed": [],
    "upperBoundary": 100,
    "lowerBoundary": 27
  },
  {
    "name": "Mclean Luna ea Extragen",
    "trelloBoardId": "b9031cef-0262-4e1f-972c-dbf46ba8db0a",
    "lastAccessed": [],
    "upperBoundary": 81,
    "lowerBoundary": 28
  },
  {
    "name": "Miranda Sandoval ad Centregy",
    "trelloBoardId": "37a9822a-3337-44c6-9825-e2f849361891",
    "lastAccessed": [],
    "upperBoundary": 88,
    "lowerBoundary": 17
  },
  {
    "name": "Myra Crane velit Cablam",
    "trelloBoardId": "ba13aefc-1d84-47ce-bb34-101398fd85fb",
    "lastAccessed": [],
    "upperBoundary": 92,
    "lowerBoundary": 10
  },
  {
    "name": "Diana Owens incididunt Austex",
    "trelloBoardId": "bc2fdbb0-8617-4250-9b70-022cf96e533e",
    "lastAccessed": [],
    "upperBoundary": 91,
    "lowerBoundary": 28
  },
  {
    "name": "Kemp Wilder occaecat Farmex",
    "trelloBoardId": "1c22d337-b067-4809-9b5e-841dc8e07e14",
    "lastAccessed": [],
    "upperBoundary": 85,
    "lowerBoundary": 29
  },
  {
    "name": "Perkins Farley pariatur Nexgene",
    "trelloBoardId": "79bd90d5-028c-41ef-bee6-da4ff2a08ed9",
    "lastAccessed": [],
    "upperBoundary": 99,
    "lowerBoundary": 26
  },
  {
    "name": "Townsend Flores irure Applica",
    "trelloBoardId": "39ffa598-522e-4271-9a6e-807ce1a938a6",
    "lastAccessed": [],
    "upperBoundary": 89,
    "lowerBoundary": 15
  },
  {
    "name": "Marguerite Tanner dolor Acusage",
    "trelloBoardId": "7574b563-eb7b-4a05-b546-f1586c58e003",
    "lastAccessed": [],
    "upperBoundary": 87,
    "lowerBoundary": 12
  },
  {
    "name": "Juliet Buckley adipisicing Omnigog",
    "trelloBoardId": "e1895bfd-46e6-4c6a-b4a5-cc702fc628af",
    "lastAccessed": [],
    "upperBoundary": 82,
    "lowerBoundary": 10
  },
  {
    "name": "Chasity Robbins fugiat Buzzopia",
    "trelloBoardId": "86a7ac51-0312-4140-96a0-f65f0678eadf",
    "lastAccessed": [],
    "upperBoundary": 91,
    "lowerBoundary": 25
  },
  {
    "name": "Marla Mccormick sunt Micronaut",
    "trelloBoardId": "1d5444c5-2775-4a2e-b93e-74a342b296f4",
    "lastAccessed": [],
    "upperBoundary": 85,
    "lowerBoundary": 20
  },
  {
    "name": "Sharp Hester sunt Rockabye",
    "trelloBoardId": "76327412-3a17-4c56-b5cf-725f19913a76",
    "lastAccessed": [],
    "upperBoundary": 84,
    "lowerBoundary": 17
  },
  {
    "name": "Hull Robles dolor Corepan",
    "trelloBoardId": "909be3d0-dbde-49ec-98db-3e948d9f79f3",
    "lastAccessed": [],
    "upperBoundary": 80,
    "lowerBoundary": 20
  },
  {
    "name": "Merrill Blackburn ex Ezentia",
    "trelloBoardId": "15dfdc88-45d1-44b7-9044-b0440f46311b",
    "lastAccessed": [],
    "upperBoundary": 99,
    "lowerBoundary": 14
  },
  {
    "name": "Dominique Ware nostrud Cosmetex",
    "trelloBoardId": "0fd11066-d0d5-4fa7-ad94-e54889b384c6",
    "lastAccessed": [],
    "upperBoundary": 89,
    "lowerBoundary": 20
  },
  {
    "name": "Yolanda Barry laboris Blanet",
    "trelloBoardId": "d601f9fd-f794-4ccc-8ed9-40c5fa2de663",
    "lastAccessed": [],
    "upperBoundary": 99,
    "lowerBoundary": 25
  },
  {
    "name": "Webster Whitley eiusmod Ecrater",
    "trelloBoardId": "49d27472-c3b3-4c16-8f42-9a539b01fba1",
    "lastAccessed": [],
    "upperBoundary": 95,
    "lowerBoundary": 15
  },
  {
    "name": "Copeland Bowers velit Geeknet",
    "trelloBoardId": "cb43ec70-4217-4348-98d0-6159fbfdefe4",
    "lastAccessed": [],
    "upperBoundary": 97,
    "lowerBoundary": 21
  },
  {
    "name": "Rosalie Mclaughlin id Liquicom",
    "trelloBoardId": "f9f61d36-b3f1-42e9-9e75-0ecb5efb58fc",
    "lastAccessed": [],
    "upperBoundary": 80,
    "lowerBoundary": 13
  },
  {
    "name": "Cantu Beasley irure Gluid",
    "trelloBoardId": "764c7617-636f-41fa-8c53-5dfac90993a9",
    "lastAccessed": [],
    "upperBoundary": 93,
    "lowerBoundary": 30
  },
  {
    "name": "Angeline Frye ipsum Cosmosis",
    "trelloBoardId": "124f8c2a-988c-4057-81ef-5f52f8a83f38",
    "lastAccessed": [],
    "upperBoundary": 80,
    "lowerBoundary": 22
  },
  {
    "name": "Chang Avila eiusmod Sunclipse",
    "trelloBoardId": "67bb388a-b112-4ca6-8d9f-f355854a9976",
    "lastAccessed": [],
    "upperBoundary": 88,
    "lowerBoundary": 22
  },
  {
    "name": "Burnett Harper in Letpro",
    "trelloBoardId": "1e43fc7b-7fec-4554-922a-6f746281a435",
    "lastAccessed": [],
    "upperBoundary": 84,
    "lowerBoundary": 11
  },
  {
    "name": "Acosta Lane et Zentury",
    "trelloBoardId": "d3258f67-7c4e-4e63-8fe3-a7dcbdf92c3c",
    "lastAccessed": [],
    "upperBoundary": 92,
    "lowerBoundary": 18
  },
  {
    "name": "Allen Rowland enim Rodemco",
    "trelloBoardId": "ab8221ca-cb97-4587-b82d-99162e356a0f",
    "lastAccessed": [],
    "upperBoundary": 87,
    "lowerBoundary": 30
  },
  {
    "name": "Berger Conrad quis Concility",
    "trelloBoardId": "b48b931a-33cf-470c-a8a8-f54e2dc9d0c6",
    "lastAccessed": [],
    "upperBoundary": 98,
    "lowerBoundary": 15
  },
  {
    "name": "Margarita Dean esse Intradisk",
    "trelloBoardId": "fd4ba8e5-9a51-4ec0-974b-a0cbad09ce9f",
    "lastAccessed": [],
    "upperBoundary": 81,
    "lowerBoundary": 19
  },
  {
    "name": "Berry Russell eu Utarian",
    "trelloBoardId": "8b8cf4db-eee3-4dab-a6a9-d938bf5d588a",
    "lastAccessed": [],
    "upperBoundary": 82,
    "lowerBoundary": 25
  },
  {
    "name": "Sexton Guerra nisi Comvey",
    "trelloBoardId": "2fae6d5f-2f9c-416b-a001-ea1c8c3be384",
    "lastAccessed": [],
    "upperBoundary": 90,
    "lowerBoundary": 12
  },
  {
    "name": "Hallie Garner dolore Austech",
    "trelloBoardId": "7ba5d0bc-622d-4f0c-a81c-b19ccd5e7291",
    "lastAccessed": [],
    "upperBoundary": 100,
    "lowerBoundary": 26
  },
  {
    "name": "Jamie Barton sunt Daido",
    "trelloBoardId": "ed019d72-1b43-49fa-a95b-90cb3b94d8d6",
    "lastAccessed": [],
    "upperBoundary": 83,
    "lowerBoundary": 19
  },
  {
    "name": "Cruz Bishop pariatur Mitroc",
    "trelloBoardId": "5d6428e5-2779-46c8-bd98-6edfc0d11744",
    "lastAccessed": [],
    "upperBoundary": 84,
    "lowerBoundary": 16
  },
  {
    "name": "Casandra Casey amet Musanpoly",
    "trelloBoardId": "dfe7cd3d-5145-4cfb-bc72-5ca228130173",
    "lastAccessed": [],
    "upperBoundary": 91,
    "lowerBoundary": 15
  },
  {
    "name": "Mendoza Conley commodo Keeg",
    "trelloBoardId": "ff4dac47-8cdd-4ff2-bfee-2bfc1c79c2be",
    "lastAccessed": [],
    "upperBoundary": 99,
    "lowerBoundary": 19
  },
  {
    "name": "Hays Benton in Digitalus",
    "trelloBoardId": "8b5cdd5b-a940-4d81-bb15-22deca333bc3",
    "lastAccessed": [],
    "upperBoundary": 96,
    "lowerBoundary": 30
  },
  {
    "name": "James Harding magna Quonk",
    "trelloBoardId": "ff1d9764-0fed-4490-8828-23b296257f62",
    "lastAccessed": [],
    "upperBoundary": 81,
    "lowerBoundary": 10
  },
  {
    "name": "Penny Bush ad Koffee",
    "trelloBoardId": "3688f645-5910-4ba7-a2fd-7ae0b3194d0c",
    "lastAccessed": [],
    "upperBoundary": 96,
    "lowerBoundary": 14
  },
  {
    "name": "Denise Harmon eu Jumpstack",
    "trelloBoardId": "280511de-81ec-4884-a322-cc9e128a7d3f",
    "lastAccessed": [],
    "upperBoundary": 91,
    "lowerBoundary": 11
  },
  {
    "name": "Dennis Burt nisi Idego",
    "trelloBoardId": "ad38eba2-aa0d-4786-b8c2-affafe16fd8f",
    "lastAccessed": [],
    "upperBoundary": 86,
    "lowerBoundary": 25
  },
  {
    "name": "Joni Finch anim Essensia",
    "trelloBoardId": "81d1262a-83ce-4f7f-9f25-ae72b7f18798",
    "lastAccessed": [],
    "upperBoundary": 83,
    "lowerBoundary": 23
  },
  {
    "name": "Ashlee Bender magna Quilk",
    "trelloBoardId": "6a1b72e3-f717-43ce-a248-66e6ec149c3b",
    "lastAccessed": [],
    "upperBoundary": 91,
    "lowerBoundary": 18
  },
  {
    "name": "Talley Hendricks minim Zytrac",
    "trelloBoardId": "d07b32d7-f18a-4e97-9498-d7ecf0e4a405",
    "lastAccessed": [],
    "upperBoundary": 98,
    "lowerBoundary": 27
  },
  {
    "name": "Deena Bryant ad Corpulse",
    "trelloBoardId": "77c56eea-034d-4d17-a072-c674d8c013d2",
    "lastAccessed": [],
    "upperBoundary": 82,
    "lowerBoundary": 23
  },
  {
    "name": "Hillary Dixon non Sportan",
    "trelloBoardId": "4e950788-0986-48fd-897b-8c6e093a2e01",
    "lastAccessed": [],
    "upperBoundary": 98,
    "lowerBoundary": 14
  },
  {
    "name": "Claudine Lester velit Rugstars",
    "trelloBoardId": "9828cb69-7e91-4c66-a300-524e8b6ea0be",
    "lastAccessed": [],
    "upperBoundary": 98,
    "lowerBoundary": 26
  },
  {
    "name": "Karla Hayes elit Netplode",
    "trelloBoardId": "e18e3dd7-7059-4761-9a63-55cbe587772b",
    "lastAccessed": [],
    "upperBoundary": 84,
    "lowerBoundary": 15
  },
  {
    "name": "Brennan Carney adipisicing Olucore",
    "trelloBoardId": "b7e943ec-73c7-49f7-83bf-d1b8f065d60b",
    "lastAccessed": [],
    "upperBoundary": 90,
    "lowerBoundary": 12
  },
  {
    "name": "Morgan Deleon incididunt Futuris",
    "trelloBoardId": "f5e77095-5b32-432d-8646-fdcce4a5881d",
    "lastAccessed": [],
    "upperBoundary": 98,
    "lowerBoundary": 16
  },
  {
    "name": "Brewer Hanson duis Zentia",
    "trelloBoardId": "6737f902-c27c-4c3e-9f80-12feab4370b5",
    "lastAccessed": [],
    "upperBoundary": 86,
    "lowerBoundary": 19
  },
  {
    "name": "Pratt Mccarty occaecat Niquent",
    "trelloBoardId": "e716ebdf-5dea-4a64-8480-891d16afbaa0",
    "lastAccessed": [],
    "upperBoundary": 86,
    "lowerBoundary": 21
  },
  {
    "name": "Whitney Emerson et Sultraxin",
    "trelloBoardId": "2cde368c-3971-4227-afbe-909833500911",
    "lastAccessed": [],
    "upperBoundary": 90,
    "lowerBoundary": 22
  },
  {
    "name": "Esmeralda Thornton dolor Uniworld",
    "trelloBoardId": "24ab5698-1ed8-40f3-ba5a-5bf71c07b7bf",
    "lastAccessed": [],
    "upperBoundary": 97,
    "lowerBoundary": 25
  },
  {
    "name": "Nita Joseph velit Zillanet",
    "trelloBoardId": "6cb23a34-cb1f-4774-99c5-38f7de55d2f0",
    "lastAccessed": [],
    "upperBoundary": 85,
    "lowerBoundary": 21
  },
  {
    "name": "Noel Clarke et Isbol",
    "trelloBoardId": "d28aef8a-fd97-4705-90ec-928b8e02cb5d",
    "lastAccessed": [],
    "upperBoundary": 99,
    "lowerBoundary": 21
  },
  {
    "name": "Harmon Kirby qui Digique",
    "trelloBoardId": "8dc80ef9-1211-4908-866c-dab0af7939d6",
    "lastAccessed": [],
    "upperBoundary": 84,
    "lowerBoundary": 28
  },
  {
    "name": "Pace Russo ut Arctiq",
    "trelloBoardId": "ec314ec4-7e17-44a8-b402-d430525705e8",
    "lastAccessed": [],
    "upperBoundary": 89,
    "lowerBoundary": 25
  },
  {
    "name": "Elinor Martinez eu Uni",
    "trelloBoardId": "e54c86c0-4f70-4b35-aced-8f8b18dce197",
    "lastAccessed": [],
    "upperBoundary": 90,
    "lowerBoundary": 30
  },
  {
    "name": "Holland Obrien elit Entality",
    "trelloBoardId": "976dbc84-b6b4-43c6-a55a-93c6c9c254e0",
    "lastAccessed": [],
    "upperBoundary": 82,
    "lowerBoundary": 30
  },
  {
    "name": "Lois Farmer veniam Prowaste",
    "trelloBoardId": "226347a3-bf69-4b3c-b78a-74c291f608a0",
    "lastAccessed": [],
    "upperBoundary": 86,
    "lowerBoundary": 14
  },
  {
    "name": "Sherry Wallace cillum Cinesanct",
    "trelloBoardId": "872cc656-0307-4f94-8e51-6164f2aa89c9",
    "lastAccessed": [],
    "upperBoundary": 92,
    "lowerBoundary": 25
  },
  {
    "name": "Anastasia Gross quis Xumonk",
    "trelloBoardId": "7dd8f76f-8961-4ec1-b7b9-079d36be4334",
    "lastAccessed": [],
    "upperBoundary": 90,
    "lowerBoundary": 10
  },
  {
    "name": "Dawn Ayala elit Unq",
    "trelloBoardId": "5cfd4c12-30ef-4b0f-8d43-4146e68dc626",
    "lastAccessed": [],
    "upperBoundary": 91,
    "lowerBoundary": 30
  },
  {
    "name": "Glover Maynard sit Otherside",
    "trelloBoardId": "00a258bc-da31-46bf-b102-a1617c85c541",
    "lastAccessed": [],
    "upperBoundary": 87,
    "lowerBoundary": 30
  },
  {
    "name": "Kristina Mendoza exercitation Martgo",
    "trelloBoardId": "29424d4d-7002-40f4-8a53-ec8e9358aa5c",
    "lastAccessed": [],
    "upperBoundary": 86,
    "lowerBoundary": 25
  },
  {
    "name": "Ballard Grimes elit Verton",
    "trelloBoardId": "6ed19342-9423-4db8-8d8f-93b515e81b08",
    "lastAccessed": [],
    "upperBoundary": 89,
    "lowerBoundary": 20
  },
  {
    "name": "Murphy Vasquez aute Shadease",
    "trelloBoardId": "15c6e568-eefc-4a3e-89c8-2126500f00b3",
    "lastAccessed": [],
    "upperBoundary": 96,
    "lowerBoundary": 12
  },
  {
    "name": "Benson Waller dolor Phuel",
    "trelloBoardId": "e395ecf5-d9c1-4507-b674-ffb8db44f105",
    "lastAccessed": [],
    "upperBoundary": 81,
    "lowerBoundary": 17
  },
  {
    "name": "Colleen Oliver dolor Overfork",
    "trelloBoardId": "00eb1b14-444e-44e2-972e-189a5adaaf92",
    "lastAccessed": [],
    "upperBoundary": 90,
    "lowerBoundary": 13
  },
  {
    "name": "Ina Hinton aliquip Zyple",
    "trelloBoardId": "5821a6d0-ded2-4ba9-9684-b10509cb6b35",
    "lastAccessed": [],
    "upperBoundary": 89,
    "lowerBoundary": 24
  },
  {
    "name": "Sawyer Valencia amet Enomen",
    "trelloBoardId": "0cdc723e-9c46-48e9-887d-65357133492a",
    "lastAccessed": [],
    "upperBoundary": 97,
    "lowerBoundary": 29
  },
  {
    "name": "Nelson Francis pariatur Tubalum",
    "trelloBoardId": "bb1356bc-cfa4-4767-8050-278aea2d4549",
    "lastAccessed": [],
    "upperBoundary": 98,
    "lowerBoundary": 27
  },
  {
    "name": "Angelia Sherman ex Snips",
    "trelloBoardId": "d4fbc2a7-3de9-4672-a710-d691e0f9e4db",
    "lastAccessed": [],
    "upperBoundary": 87,
    "lowerBoundary": 14
  },
  {
    "name": "Rivas Franklin fugiat Thredz",
    "trelloBoardId": "66ae22f1-3b64-4a48-b8d8-08b5490226e4",
    "lastAccessed": [],
    "upperBoundary": 91,
    "lowerBoundary": 19
  },
  {
    "name": "Dena Tate reprehenderit Momentia",
    "trelloBoardId": "ffeaad09-c332-46e0-8383-b7e9f23a0e60",
    "lastAccessed": [],
    "upperBoundary": 88,
    "lowerBoundary": 12
  },
  {
    "name": "Poole Durham sunt Vicon",
    "trelloBoardId": "7c525bfa-3a77-4fc2-9514-f09945af661a",
    "lastAccessed": [],
    "upperBoundary": 80,
    "lowerBoundary": 20
  },
  {
    "name": "Levine Ellis nulla Mangelica",
    "trelloBoardId": "afe09047-d16e-4c99-b2f6-a362e8f015ac",
    "lastAccessed": [],
    "upperBoundary": 88,
    "lowerBoundary": 10
  },
  {
    "name": "Warren Larsen nostrud Prosure",
    "trelloBoardId": "d24a1fc1-0b02-4c5e-8547-683e8c83070e",
    "lastAccessed": [],
    "upperBoundary": 89,
    "lowerBoundary": 12
  },
  {
    "name": "Riggs Cherry nulla Bitrex",
    "trelloBoardId": "351b79f3-4154-4695-a66f-39d839112423",
    "lastAccessed": [],
    "upperBoundary": 81,
    "lowerBoundary": 12
  },
  {
    "name": "Mitchell Stephens adipisicing Optique",
    "trelloBoardId": "7e4c9cc9-4323-4f76-8023-7ea9b52b5280",
    "lastAccessed": [],
    "upperBoundary": 97,
    "lowerBoundary": 22
  },
  {
    "name": "Marlene Cortez cillum Ovolo",
    "trelloBoardId": "273e7077-751c-4e40-88d7-c1ee296db6da",
    "lastAccessed": [],
    "upperBoundary": 84,
    "lowerBoundary": 14
  },
  {
    "name": "Conway Tyler adipisicing Bittor",
    "trelloBoardId": "ce4a9d55-5681-465d-8272-a1bd64579639",
    "lastAccessed": [],
    "upperBoundary": 85,
    "lowerBoundary": 19
  },
  {
    "name": "Kathie Wolf reprehenderit Combogen",
    "trelloBoardId": "5cf2209c-4d0c-4247-8e7c-aaaeaf7ae12a",
    "lastAccessed": [],
    "upperBoundary": 82,
    "lowerBoundary": 21
  },
  {
    "name": "Lydia Wright non Isosphere",
    "trelloBoardId": "5d7006fd-8342-4c1d-8172-28c505a282d2",
    "lastAccessed": [],
    "upperBoundary": 91,
    "lowerBoundary": 15
  },
  {
    "name": "Rosario Hull fugiat Schoolio",
    "trelloBoardId": "5c6e13ec-3a25-4352-9bf2-e2a92f84c57d",
    "lastAccessed": [],
    "upperBoundary": 82,
    "lowerBoundary": 24
  },
  {
    "name": "Lindsey Neal laboris Cyclonica",
    "trelloBoardId": "e1081f04-d0a2-4ac0-94ed-bebadec2182c",
    "lastAccessed": [],
    "upperBoundary": 85,
    "lowerBoundary": 23
  },
  {
    "name": "Esther Malone cillum Columella",
    "trelloBoardId": "c301daab-5dae-4ba0-995b-73c7f443fb01",
    "lastAccessed": [],
    "upperBoundary": 93,
    "lowerBoundary": 20
  },
  {
    "name": "Jacobs Jacobs amet Locazone",
    "trelloBoardId": "f59c5015-2fcc-4cf2-81c5-d9f744b5d448",
    "lastAccessed": [],
    "upperBoundary": 88,
    "lowerBoundary": 22
  },
  {
    "name": "Mcfarland Terrell aute Isonus",
    "trelloBoardId": "5a2fcf48-6023-47e3-b531-377b1ce449b8",
    "lastAccessed": [],
    "upperBoundary": 98,
    "lowerBoundary": 27
  },
  {
    "name": "Spencer Solis nulla Ontagene",
    "trelloBoardId": "9fe8cbac-9059-4af7-b91f-163eefead857",
    "lastAccessed": [],
    "upperBoundary": 98,
    "lowerBoundary": 26
  },
  {
    "name": "Alford Leach ut Pheast",
    "trelloBoardId": "628b18ae-3b60-4b9e-a093-74293747037b",
    "lastAccessed": [],
    "upperBoundary": 88,
    "lowerBoundary": 16
  },
  {
    "name": "Stephens Lindsay anim Zillacon",
    "trelloBoardId": "0215941d-64ca-4f78-807b-41044ad7f3d9",
    "lastAccessed": [],
    "upperBoundary": 84,
    "lowerBoundary": 15
  },
  {
    "name": "Martin Sexton ad Biospan",
    "trelloBoardId": "f3c1f989-50c6-4e47-b8c4-b226edd1d1ed",
    "lastAccessed": [],
    "upperBoundary": 84,
    "lowerBoundary": 17
  },
  {
    "name": "Lynne Bailey ipsum Skyplex",
    "trelloBoardId": "56f91f37-abaa-4d72-a973-092fb172c8cd",
    "lastAccessed": [],
    "upperBoundary": 87,
    "lowerBoundary": 21
  },
  {
    "name": "Keri Mccoy occaecat Barkarama",
    "trelloBoardId": "e7de6e8c-f6c1-422d-a46b-039a345ecd25",
    "lastAccessed": [],
    "upperBoundary": 96,
    "lowerBoundary": 18
  },
  {
    "name": "Rebecca Chambers quis Twiggery",
    "trelloBoardId": "fea2e6bb-f4d2-405a-a6f2-f326a337060e",
    "lastAccessed": [],
    "upperBoundary": 88,
    "lowerBoundary": 17
  },
  {
    "name": "Gertrude York ut Recognia",
    "trelloBoardId": "ccb2a07c-4b0c-4744-8105-b5be18337833",
    "lastAccessed": [],
    "upperBoundary": 94,
    "lowerBoundary": 30
  },
  {
    "name": "Bolton Ellison do Pawnagra",
    "trelloBoardId": "6bb96cea-64e6-4a85-8753-6bc2e6479e8a",
    "lastAccessed": [],
    "upperBoundary": 88,
    "lowerBoundary": 15
  },
  {
    "name": "Salazar Pruitt laborum Isodrive",
    "trelloBoardId": "b8dcf443-8674-4a93-8c58-d86a6b84de3c",
    "lastAccessed": [],
    "upperBoundary": 88,
    "lowerBoundary": 28
  },
  {
    "name": "Woodward Hicks incididunt Cipromox",
    "trelloBoardId": "d9740226-56c9-49d0-a28d-88991b3aef52",
    "lastAccessed": [],
    "upperBoundary": 95,
    "lowerBoundary": 24
  },
  {
    "name": "Curry Goodman sunt Intergeek",
    "trelloBoardId": "430855d5-d13d-4088-b3c4-7cd04d2e942e",
    "lastAccessed": [],
    "upperBoundary": 96,
    "lowerBoundary": 28
  },
  {
    "name": "Rosie Wells eu Endipine",
    "trelloBoardId": "d8547103-fe54-46be-ab1a-9329d627f46d",
    "lastAccessed": [],
    "upperBoundary": 85,
    "lowerBoundary": 14
  },
  {
    "name": "Rachel Mccarthy deserunt Anivet",
    "trelloBoardId": "8103e3b1-b69f-4ba4-80ac-a8de2eba86a6",
    "lastAccessed": [],
    "upperBoundary": 81,
    "lowerBoundary": 19
  },
  {
    "name": "Justine Austin dolor Insectus",
    "trelloBoardId": "2e1191b0-1958-4bf1-8158-bc569ddcb619",
    "lastAccessed": [],
    "upperBoundary": 95,
    "lowerBoundary": 20
  },
  {
    "name": "Lucile Colon sunt Permadyne",
    "trelloBoardId": "a1a949ce-5225-4a6f-8cb0-846f599bbc2e",
    "lastAccessed": [],
    "upperBoundary": 98,
    "lowerBoundary": 29
  },
  {
    "name": "Louise Harvey commodo Genesynk",
    "trelloBoardId": "bd497c0b-b4fa-4ae2-b610-b8993e504870",
    "lastAccessed": [],
    "upperBoundary": 97,
    "lowerBoundary": 12
  },
  {
    "name": "Deloris Wall est Zilch",
    "trelloBoardId": "c4f8a2e3-39f9-4cb8-8df3-fa0ad4b5dcf1",
    "lastAccessed": [],
    "upperBoundary": 88,
    "lowerBoundary": 15
  },
  {
    "name": "Althea Raymond irure Tetak",
    "trelloBoardId": "5f369abf-002c-464c-8384-178aa2ed9d4d",
    "lastAccessed": [],
    "upperBoundary": 92,
    "lowerBoundary": 22
  },
  {
    "name": "Terry Blankenship cillum Furnitech",
    "trelloBoardId": "a02dd9a8-ed99-495e-b99c-2884e551e147",
    "lastAccessed": [],
    "upperBoundary": 85,
    "lowerBoundary": 22
  },
  {
    "name": "Wilma Nelson exercitation Idetica",
    "trelloBoardId": "604e5ef7-9266-47ad-94b6-1eff64d83a89",
    "lastAccessed": [],
    "upperBoundary": 93,
    "lowerBoundary": 29
  },
  {
    "name": "Dixon Strong sint Medesign",
    "trelloBoardId": "e1122f41-23db-4796-a86b-d606a8c64f5c",
    "lastAccessed": [],
    "upperBoundary": 81,
    "lowerBoundary": 27
  },
  {
    "name": "Weber Mccall et Gonkle",
    "trelloBoardId": "3d1c34cd-9c93-4d02-8358-fecc9053d0fc",
    "lastAccessed": [],
    "upperBoundary": 87,
    "lowerBoundary": 16
  },
  {
    "name": "Crawford Greer id Signidyne",
    "trelloBoardId": "7fdae192-439c-43f2-b8f9-5d5a4a90f22e",
    "lastAccessed": [],
    "upperBoundary": 86,
    "lowerBoundary": 23
  },
  {
    "name": "Mccormick Frank nostrud Filodyne",
    "trelloBoardId": "cc866565-9faa-45d2-a2c4-e46d2692b444",
    "lastAccessed": [],
    "upperBoundary": 81,
    "lowerBoundary": 23
  },
  {
    "name": "Chavez English dolor Architax",
    "trelloBoardId": "7ff0b3b5-acb3-43ed-aa96-6188c335cb1e",
    "lastAccessed": [],
    "upperBoundary": 97,
    "lowerBoundary": 23
  },
  {
    "name": "Snyder Ayers exercitation Securia",
    "trelloBoardId": "3826473f-31c6-47b3-890b-5739c903bef5",
    "lastAccessed": [],
    "upperBoundary": 94,
    "lowerBoundary": 27
  },
  {
    "name": "Eula Vega sint Comtour",
    "trelloBoardId": "e6da5d3f-40b4-4f15-b8b2-510619f456d4",
    "lastAccessed": [],
    "upperBoundary": 89,
    "lowerBoundary": 11
  },
  {
    "name": "Lynette Whitehead tempor Maroptic",
    "trelloBoardId": "3e74f933-f96e-4bbd-9c34-16117e722197",
    "lastAccessed": [],
    "upperBoundary": 84,
    "lowerBoundary": 22
  },
  {
    "name": "Joyner Reynolds nisi Optyk",
    "trelloBoardId": "0dc2db3d-cc72-471c-bc04-88cd8e6f77f9",
    "lastAccessed": [],
    "upperBoundary": 92,
    "lowerBoundary": 14
  },
  {
    "name": "Lott Hopper commodo Viagreat",
    "trelloBoardId": "f7b4fe1c-4802-4425-aedd-a3763053b935",
    "lastAccessed": [],
    "upperBoundary": 96,
    "lowerBoundary": 15
  },
  {
    "name": "Mary Santos sit Zolarity",
    "trelloBoardId": "d595aeaf-fe4c-46cf-a45f-114a1703041d",
    "lastAccessed": [],
    "upperBoundary": 80,
    "lowerBoundary": 29
  },
  {
    "name": "Savage Bell sit Quotezart",
    "trelloBoardId": "5ce179e1-07c5-4223-9e9b-56fce7c06fec",
    "lastAccessed": [],
    "upperBoundary": 95,
    "lowerBoundary": 20
  },
  {
    "name": "Branch Hendrix aliquip Accupharm",
    "trelloBoardId": "b1a31f91-e3e0-403e-9cf3-7e545d7f1158",
    "lastAccessed": [],
    "upperBoundary": 85,
    "lowerBoundary": 17
  },
  {
    "name": "Francis Sloan tempor Netur",
    "trelloBoardId": "22ab97cc-da31-4068-8b0f-e3186151528b",
    "lastAccessed": [],
    "upperBoundary": 95,
    "lowerBoundary": 30
  },
  {
    "name": "Noemi Singleton lorem Zentix",
    "trelloBoardId": "235e94c3-cf74-45ae-bf2c-ddc20749a12d",
    "lastAccessed": [],
    "upperBoundary": 90,
    "lowerBoundary": 24
  },
  {
    "name": "Barker Cooke laborum Zolavo",
    "trelloBoardId": "0f7c7b39-e36e-451e-9996-ba873fa9fbaf",
    "lastAccessed": [],
    "upperBoundary": 91,
    "lowerBoundary": 30
  },
  {
    "name": "Whitfield Mercer minim Prosely",
    "trelloBoardId": "94782184-daef-4fc3-98f7-e2fd099c63a1",
    "lastAccessed": [],
    "upperBoundary": 88,
    "lowerBoundary": 25
  },
  {
    "name": "Boyer Puckett sint Eschoir",
    "trelloBoardId": "af523751-6668-41f6-bb19-c72fc742be0f",
    "lastAccessed": [],
    "upperBoundary": 80,
    "lowerBoundary": 22
  },
  {
    "name": "Ruby Kramer fugiat Enaut",
    "trelloBoardId": "c7bca326-d7d9-4026-b2c7-072d97a6fadf",
    "lastAccessed": [],
    "upperBoundary": 94,
    "lowerBoundary": 21
  },
  {
    "name": "Rutledge Osborn veniam Rameon",
    "trelloBoardId": "687a53c2-bea9-441d-a9e9-50b263e0a157",
    "lastAccessed": [],
    "upperBoundary": 98,
    "lowerBoundary": 15
  },
  {
    "name": "Johnson Parsons qui Confrenzy",
    "trelloBoardId": "66c3b573-4abc-4341-abda-34f775364ad6",
    "lastAccessed": [],
    "upperBoundary": 80,
    "lowerBoundary": 18
  },
  {
    "name": "Parsons Mosley occaecat Uneeq",
    "trelloBoardId": "c67968b5-7056-48d5-9d1c-5e9b9127c8a7",
    "lastAccessed": [],
    "upperBoundary": 90,
    "lowerBoundary": 28
  },
  {
    "name": "Wilcox Nicholson consequat Fortean",
    "trelloBoardId": "3f525d00-09d6-4c83-b7cc-b82700a8ca51",
    "lastAccessed": [],
    "upperBoundary": 92,
    "lowerBoundary": 15
  },
  {
    "name": "Kay Gonzales elit Lingoage",
    "trelloBoardId": "8a4bd4d6-7af6-4c11-ae16-1db291e909c3",
    "lastAccessed": [],
    "upperBoundary": 98,
    "lowerBoundary": 25
  },
  {
    "name": "Bryant Curtis amet Kongle",
    "trelloBoardId": "f73c0bba-d7ad-4697-96c9-3b5494ac9054",
    "lastAccessed": [],
    "upperBoundary": 94,
    "lowerBoundary": 28
  },
  {
    "name": "Glenda Daugherty pariatur Kaggle",
    "trelloBoardId": "844e9047-a2a5-4b16-aa64-579421d20b8a",
    "lastAccessed": [],
    "upperBoundary": 95,
    "lowerBoundary": 14
  },
  {
    "name": "Susanna Pate dolor Injoy",
    "trelloBoardId": "5d6405d5-70ee-4d36-8a6f-e711ce113881",
    "lastAccessed": [],
    "upperBoundary": 82,
    "lowerBoundary": 23
  },
  {
    "name": "Hensley Hardin eiusmod Geekmosis",
    "trelloBoardId": "bb86cc04-b89e-481d-90f9-7c89ea64f1c3",
    "lastAccessed": [],
    "upperBoundary": 89,
    "lowerBoundary": 23
  },
  {
    "name": "Melba Rich est Xiix",
    "trelloBoardId": "a12da29e-06c5-452a-a290-3dcb0982e9c4",
    "lastAccessed": [],
    "upperBoundary": 95,
    "lowerBoundary": 16
  },
  {
    "name": "Eve James eiusmod Katakana",
    "trelloBoardId": "92e76790-60b4-4f07-b5b9-400192e7849b",
    "lastAccessed": [],
    "upperBoundary": 97,
    "lowerBoundary": 15
  },
  {
    "name": "Jackson Flowers ea Assurity",
    "trelloBoardId": "837c77c6-6a8c-453f-9ee3-f5bf07bfa630",
    "lastAccessed": [],
    "upperBoundary": 87,
    "lowerBoundary": 29
  },
  {
    "name": "Vinson Barnett est Eplosion",
    "trelloBoardId": "ff0e4eca-8a13-4549-b0f7-6dd59c70b6d1",
    "lastAccessed": [],
    "upperBoundary": 93,
    "lowerBoundary": 14
  },
  {
    "name": "Barnett Duncan ex Rotodyne",
    "trelloBoardId": "932d5bee-3ab2-473f-8886-7489752ebd78",
    "lastAccessed": [],
    "upperBoundary": 81,
    "lowerBoundary": 22
  },
  {
    "name": "Nicole Cervantes pariatur Organica",
    "trelloBoardId": "f4224c9e-9c15-48f3-9612-4682e1985160",
    "lastAccessed": [],
    "upperBoundary": 96,
    "lowerBoundary": 11
  },
  {
    "name": "Ladonna Stephenson eu Insuron",
    "trelloBoardId": "228523b4-823c-45eb-a05c-afee5c7d28cc",
    "lastAccessed": [],
    "upperBoundary": 82,
    "lowerBoundary": 26
  },
  {
    "name": "Janell Donaldson culpa Bedder",
    "trelloBoardId": "e2a4ae17-68dc-46ad-8e47-a8c49351645a",
    "lastAccessed": [],
    "upperBoundary": 91,
    "lowerBoundary": 13
  },
  {
    "name": "Madeleine Roman tempor Marqet",
    "trelloBoardId": "9d2bb9e8-fd47-45a1-8008-2f3f0b2a2459",
    "lastAccessed": [],
    "upperBoundary": 94,
    "lowerBoundary": 12
  },
  {
    "name": "Estrada Craig officia Mazuda",
    "trelloBoardId": "44565098-744e-46e9-a335-6ca80d2f3a1c",
    "lastAccessed": [],
    "upperBoundary": 97,
    "lowerBoundary": 18
  },
  {
    "name": "Bethany Vance laborum Dreamia",
    "trelloBoardId": "c35dd84a-3dd3-4249-8398-e435080b679a",
    "lastAccessed": [],
    "upperBoundary": 85,
    "lowerBoundary": 19
  },
  {
    "name": "Adrienne Goff aliqua Xyqag",
    "trelloBoardId": "f99d0da9-5ca5-4573-8017-05904154f955",
    "lastAccessed": [],
    "upperBoundary": 98,
    "lowerBoundary": 17
  },
  {
    "name": "Josefa Whitney dolor Isologica",
    "trelloBoardId": "43721eaa-697d-4fbe-9927-9b7aaf94038f",
    "lastAccessed": [],
    "upperBoundary": 94,
    "lowerBoundary": 30
  },
  {
    "name": "Collins Powers anim Oulu",
    "trelloBoardId": "6cdd08ae-2a63-4509-9109-92eb80c977f7",
    "lastAccessed": [],
    "upperBoundary": 88,
    "lowerBoundary": 27
  },
  {
    "name": "Meyer Herrera esse Vixo",
    "trelloBoardId": "9c030bae-5578-4117-8501-3d3e8c47edb9",
    "lastAccessed": [],
    "upperBoundary": 81,
    "lowerBoundary": 18
  },
  {
    "name": "Yvonne Fitzgerald in Pyramax",
    "trelloBoardId": "4f21ffb0-3cd9-44c2-a2f8-b504986cd091",
    "lastAccessed": [],
    "upperBoundary": 98,
    "lowerBoundary": 14
  },
  {
    "name": "Armstrong Rodgers reprehenderit Norsup",
    "trelloBoardId": "d5562487-e7e2-4006-b3b5-93e8936e3ff7",
    "lastAccessed": [],
    "upperBoundary": 95,
    "lowerBoundary": 16
  },
  {
    "name": "Flora Chavez nostrud Cognicode",
    "trelloBoardId": "fa17f4a7-e3d5-4bc6-bb70-9496e2e21582",
    "lastAccessed": [],
    "upperBoundary": 100,
    "lowerBoundary": 18
  },
  {
    "name": "Janelle Willis laboris Zanilla",
    "trelloBoardId": "ef34dc07-84f1-4bf6-a82d-b646be8104f1",
    "lastAccessed": [],
    "upperBoundary": 80,
    "lowerBoundary": 22
  },
  {
    "name": "Marianne Fleming officia Lunchpad",
    "trelloBoardId": "e98b8586-b3f2-47cc-b1c9-cccb057948ee",
    "lastAccessed": [],
    "upperBoundary": 93,
    "lowerBoundary": 26
  },
  {
    "name": "Andrews Oneil occaecat Gracker",
    "trelloBoardId": "20221e48-70d1-499f-b297-7590fc9c4128",
    "lastAccessed": [],
    "upperBoundary": 93,
    "lowerBoundary": 24
  },
  {
    "name": "Tracey Figueroa id Nebulean",
    "trelloBoardId": "19bdff10-429f-435b-a66c-0651ac2c24db",
    "lastAccessed": [],
    "upperBoundary": 91,
    "lowerBoundary": 20
  },
  {
    "name": "Bernadette Acevedo do Nutralab",
    "trelloBoardId": "a9721d8b-6b9d-4ea0-a605-91daee5fd978",
    "lastAccessed": [],
    "upperBoundary": 85,
    "lowerBoundary": 22
  },
  {
    "name": "Nannie Walter sunt Terascape",
    "trelloBoardId": "360ba2eb-e147-45ad-abb8-471903e7accc",
    "lastAccessed": [],
    "upperBoundary": 90,
    "lowerBoundary": 14
  },
  {
    "name": "Marva Hall id Bleendot",
    "trelloBoardId": "4f09072c-d467-4914-b399-dbfe3e4bf22f",
    "lastAccessed": [],
    "upperBoundary": 86,
    "lowerBoundary": 16
  },
  {
    "name": "Maribel Craft nulla Bitendrex",
    "trelloBoardId": "32f68bad-f198-4101-acc0-867fe8f556bf",
    "lastAccessed": [],
    "upperBoundary": 80,
    "lowerBoundary": 19
  },
  {
    "name": "Grace Mcmillan pariatur Recritube",
    "trelloBoardId": "dd34164e-a29c-496a-bfe3-ff6c51cf553e",
    "lastAccessed": [],
    "upperBoundary": 87,
    "lowerBoundary": 23
  },
  {
    "name": "Mcclure George consectetur Boink",
    "trelloBoardId": "bba301e1-32ed-4ef3-9ee2-e94ab9fdbe2c",
    "lastAccessed": [],
    "upperBoundary": 92,
    "lowerBoundary": 14
  },
  {
    "name": "Katheryn Stevenson duis Medicroix",
    "trelloBoardId": "8f2e9f4a-359d-4b73-bbb2-c834c5b2d610",
    "lastAccessed": [],
    "upperBoundary": 86,
    "lowerBoundary": 30
  },
  {
    "name": "Shelton Petty ullamco Isotronic",
    "trelloBoardId": "6318db08-5f0c-4c3d-91b6-31d023a9152d",
    "lastAccessed": [],
    "upperBoundary": 92,
    "lowerBoundary": 22
  },
  {
    "name": "Angie Cardenas ullamco Enormo",
    "trelloBoardId": "77166c26-9dd0-44f3-bad6-6879bfd20c2f",
    "lastAccessed": [],
    "upperBoundary": 89,
    "lowerBoundary": 17
  },
  {
    "name": "Rae House qui Andryx",
    "trelloBoardId": "53229665-904f-4939-8b17-a4d717c1ec88",
    "lastAccessed": [],
    "upperBoundary": 100,
    "lowerBoundary": 22
  },
  {
    "name": "Abigail Orr commodo Atomica",
    "trelloBoardId": "9372ab1e-1ae5-4ee7-a2c9-bda2fa2a6330",
    "lastAccessed": [],
    "upperBoundary": 84,
    "lowerBoundary": 13
  },
  {
    "name": "Lessie Preston minim Exerta",
    "trelloBoardId": "58c93b43-6cf9-49f6-90f8-382d4a0bfb8f",
    "lastAccessed": [],
    "upperBoundary": 92,
    "lowerBoundary": 14
  },
  {
    "name": "Langley Lowery nostrud Limozen",
    "trelloBoardId": "534c4198-96bb-4fa1-af56-c3a03311d5d4",
    "lastAccessed": [],
    "upperBoundary": 98,
    "lowerBoundary": 29
  },
  {
    "name": "Quinn Doyle ad Ovium",
    "trelloBoardId": "07d924fc-ff88-4fa9-b116-119945c90ed2",
    "lastAccessed": [],
    "upperBoundary": 98,
    "lowerBoundary": 13
  },
  {
    "name": "Annmarie Jefferson amet Xth",
    "trelloBoardId": "ebb9b3d7-301d-4a4f-984d-23101b83011a",
    "lastAccessed": [],
    "upperBoundary": 96,
    "lowerBoundary": 22
  }
]
